,Link,Position,Company,Company Link,Location,Salary,Published Date
0,https://www.jobstreet.co.id/id/job/data-warehouse-engineer-3757510?jobId=jobstreet-id-job-3757510&sectionRank=1&token=0~ea4bdd59-ff0e-4c62-8b8f-240b10858d6c&fr=SRP%20View%20In%20New%20Tab,Data Warehouse Engineer,PT PEFINDO Biro Kredit,https://www.jobstreet.co.id/id/job-search/jobs-at-pt-pefindo-biro-kredit/,PT PEFINDO Biro Kredit,NA,2022-01-16T17:42:32.000Z
1,https://www.jobstreet.co.id/id/job/data-engineer-3750622?jobId=jobstreet-id-job-3750622&sectionRank=2&token=0~ea4bdd59-ff0e-4c62-8b8f-240b10858d6c&fr=SRP%20View%20In%20New%20Tab,Data Engineer,PT Solusi Pintap Indonesia,https://www.jobstreet.co.id/id/job-search/jobs-at-pt-solusi-pintap-indonesia/,PT Solusi Pintap Indonesia,NA,2022-01-11T03:46:39.000Z
2,https://www.jobstreet.co.id/id/job/etl-developer-3753016?jobId=jobstreet-id-job-3753016&sectionRank=3&token=0~ea4bdd59-ff0e-4c62-8b8f-240b10858d6c&fr=SRP%20View%20In%20New%20Tab,ETL Developer,PT Asian Sigma Teknologi (SIGMATECH),https://www.jobstreet.co.id/id/job-search/jobs-at-pt-asian-sigma-teknologi-sigmatech/,PT Asian Sigma Teknologi (SIGMATECH),NA,2022-01-12T07:45:00.000Z
3,https://www.jobstreet.co.id/id/job/data-engineer-3746172?jobId=jobstreet-id-job-3746172&sectionRank=4&token=0~ea4bdd59-ff0e-4c62-8b8f-240b10858d6c&fr=SRP%20View%20In%20New%20Tab,Data Engineer,PT Inti Citra Agung (Optik Melawai),https://www.jobstreet.co.id/id/job-search/jobs-at-pt-inti-citra-agung-optik-melawai/,PT Inti Citra Agung (Optik Melawai),NA,2022-01-16T20:00:58.000Z
4,https://www.jobstreet.co.id/id/job/data-engineer-etl-developer-3746332?jobId=jobstreet-id-job-3746332&sectionRank=5&token=0~ea4bdd59-ff0e-4c62-8b8f-240b10858d6c&fr=SRP%20View%20In%20New%20Tab,Data Engineer / ETL Developer,PT. HTC Global Software Services,https://www.jobstreet.co.id/id/job-search/jobs-at-pt-htc-global-software-services/,PT. HTC Global Software Services,NA,2022-01-16T20:00:54.000Z
5,https://www.jobstreet.co.id/id/job/data-engineer-3747192?jobId=jobstreet-id-job-3747192&sectionRank=6&token=0~ea4bdd59-ff0e-4c62-8b8f-240b10858d6c&fr=SRP%20View%20In%20New%20Tab,Data Engineer,"PT. Metrodata Electronics, Tbk",https://www.jobstreet.co.id/id/job-search/jobs-at-pt-metrodata-electronics-tbk/,"PT. Metrodata Electronics, Tbk",NA,2022-01-16T20:00:39.000Z
6,https://www.jobstreet.co.id/id/job/data-engineer-3746559?jobId=jobstreet-id-job-3746559&sectionRank=7&token=0~ea4bdd59-ff0e-4c62-8b8f-240b10858d6c&fr=SRP%20View%20In%20New%20Tab,Data Engineer,PT Serasi Autoraya (TRAC - Astra ),https://www.jobstreet.co.id/id/job-search/jobs-at-pt-serasi-autoraya-trac-astra/,PT Serasi Autoraya (TRAC - Astra ),NA,2022-01-16T20:00:49.000Z
7,https://www.jobstreet.co.id/id/job/data-engineer-3759154?jobId=jobstreet-id-job-3759154&sectionRank=8&token=0~ea4bdd59-ff0e-4c62-8b8f-240b10858d6c&fr=SRP%20View%20In%20New%20Tab,Data Engineer,PT Sinergie Sentra Digital,https://www.jobstreet.co.id/id/job-search/jobs-at-pt-sinergie-sentra-digital/,PT Sinergie Sentra Digital,NA,2022-01-17T10:46:10.000Z
8,https://www.jobstreet.co.id/id/job/senior-data-scientist-3740874?jobId=jobstreet-id-job-3740874&sectionRank=9&token=0~ea4bdd59-ff0e-4c62-8b8f-240b10858d6c&fr=SRP%20View%20In%20New%20Tab,Senior Data Scientist,PT Sharing Vision Indonesia,https://www.jobstreet.co.id/id/job-search/jobs-at-pt-sharing-vision-indonesia/,PT Sharing Vision Indonesia,NA,2022-01-13T20:01:52.000Z
9,https://www.jobstreet.co.id/id/job/etl-developer-3747271?jobId=jobstreet-id-job-3747271&sectionRank=10&token=0~ea4bdd59-ff0e-4c62-8b8f-240b10858d6c&fr=SRP%20View%20In%20New%20Tab,ETL Developer,PT Artha Solutions Indonesia,https://www.jobstreet.co.id/id/job-search/jobs-at-pt-artha-solutions-indonesia/,PT Artha Solutions Indonesia,NA,2022-01-16T20:00:38.000Z
10,https://www.jobstreet.co.id/id/job/data-engineer-3742816?jobId=jobstreet-id-job-3742816&sectionRank=11&token=0~ea4bdd59-ff0e-4c62-8b8f-240b10858d6c&fr=SRP%20View%20In%20New%20Tab,Data Engineer,PT Tech Mahindra Indonesia,https://www.jobstreet.co.id/id/job-search/jobs-at-pt-tech-mahindra-indonesia/,PT Tech Mahindra Indonesia,NA,2022-01-14T20:01:00.000Z
11,https://www.jobstreet.co.id/id/job/senior-data-engineer-3747661?jobId=jobstreet-id-job-3747661&sectionRank=12&token=0~ea4bdd59-ff0e-4c62-8b8f-240b10858d6c&fr=SRP%20View%20In%20New%20Tab,Senior Data Engineer,Yayasan Bina Nusantara,https://www.jobstreet.co.id/id/job-search/jobs-at-yayasan-bina-nusantara/,Yayasan Bina Nusantara,NA,2022-01-16T20:00:33.000Z
12,https://www.jobstreet.co.id/id/job/etl-developer-3738414?jobId=jobstreet-id-job-3738414&sectionRank=13&token=0~ea4bdd59-ff0e-4c62-8b8f-240b10858d6c&fr=SRP%20View%20In%20New%20Tab,ETL Developer,PT IDStar Cipta Teknologi,https://www.jobstreet.co.id/id/job-search/jobs-at-pt-idstar-cipta-teknologi/,PT IDStar Cipta Teknologi,NA,2022-01-15T20:01:14.000Z
13,https://www.jobstreet.co.id/id/job/data-engineer-3756818?jobId=jobstreet-id-job-3756818&sectionRank=14&token=0~ea4bdd59-ff0e-4c62-8b8f-240b10858d6c&fr=SRP%20View%20In%20New%20Tab,Data Engineer,PT. ABeam Analytics Indonesia,https://www.jobstreet.co.id/id/job-search/jobs-at-pt-abeam-analytics-indonesia/,PT. ABeam Analytics Indonesia,NA,2022-01-14T10:45:26.000Z
14,https://www.jobstreet.co.id/id/job/data-engineer-3756035?jobId=jobstreet-id-job-3756035&sectionRank=15&token=0~ea4bdd59-ff0e-4c62-8b8f-240b10858d6c&fr=SRP%20View%20In%20New%20Tab,Data Engineer,PT Mega Perintis Tbk,https://www.jobstreet.co.id/id/job-search/jobs-at-pt-mega-perintis-tbk/,PT Mega Perintis Tbk,NA,2022-01-14T05:35:39.000Z
15,https://www.jobstreet.co.id/id/job/database-engineer-3758764?jobId=jobstreet-id-job-3758764&sectionRank=16&token=0~ea4bdd59-ff0e-4c62-8b8f-240b10858d6c&fr=SRP%20View%20In%20New%20Tab,Database Engineer,PT Arya Noble,https://www.jobstreet.co.id/id/job-search/jobs-at-pt-arya-noble/,PT Arya Noble,NA,2022-01-17T08:11:57.000Z
16,https://www.jobstreet.co.id/id/job/data-engineer-3753840?jobId=jobstreet-id-job-3753840&sectionRank=17&token=0~ea4bdd59-ff0e-4c62-8b8f-240b10858d6c&fr=SRP%20View%20In%20New%20Tab,Data Engineer,PT Nomura Research Institute Indonesia,https://www.jobstreet.co.id/id/job-search/jobs-at-pt-nomura-research-institute-indonesia/,PT Nomura Research Institute Indonesia,NA,2022-01-13T01:34:33.000Z
17,https://www.jobstreet.co.id/id/job/data-engineer-3755426?jobId=jobstreet-id-job-3755426&sectionRank=18&token=0~ea4bdd59-ff0e-4c62-8b8f-240b10858d6c&fr=SRP%20View%20In%20New%20Tab,Data Engineer,PT KOLTIVA,https://www.jobstreet.co.id/id/job-search/jobs-at-pt-koltiva/,PT KOLTIVA,NA,2022-01-14T01:23:59.000Z
18,https://www.jobstreet.co.id/id/job/data-engineer-3740706?jobId=jobstreet-id-job-3740706&sectionRank=19&token=0~ea4bdd59-ff0e-4c62-8b8f-240b10858d6c&fr=SRP%20View%20In%20New%20Tab,DATA ENGINEER,PT Phiraka Sinergi Indonesia,https://www.jobstreet.co.id/id/job-search/jobs-at-pt-phiraka-sinergi-indonesia/,PT Phiraka Sinergi Indonesia,NA,2022-01-13T20:01:59.000Z
19,https://www.jobstreet.co.id/id/job/data-engineer-etl-developer-3740278?jobId=jobstreet-id-job-3740278&sectionRank=20&token=0~ea4bdd59-ff0e-4c62-8b8f-240b10858d6c&fr=SRP%20View%20In%20New%20Tab,Data Engineer (ETL Developer),PT Lawencon Internasional,https://www.jobstreet.co.id/id/job-search/jobs-at-pt-lawencon-internasional/,PT Lawencon Internasional,NA,2022-01-12T20:00:37.000Z
20,https://www.jobstreet.co.id/id/job/machine-learning-engineer-3745053?jobId=jobstreet-id-job-3745053&sectionRank=21&token=0~ea4bdd59-ff0e-4c62-8b8f-240b10858d6c&fr=SRP%20View%20In%20New%20Tab,Machine Learning Engineer,PT Nomura Research Institute Indonesia,https://www.jobstreet.co.id/id/job-search/jobs-at-pt-nomura-research-institute-indonesia/,PT Nomura Research Institute Indonesia,NA,2022-01-15T20:00:51.000Z
21,https://www.jobstreet.co.id/id/job/senior-data-engineer-3737784?jobId=jobstreet-id-job-3737784&sectionRank=22&token=0~ea4bdd59-ff0e-4c62-8b8f-240b10858d6c&fr=SRP%20View%20In%20New%20Tab,Senior Data Engineer,PT. Lintas Teknologi Indonesia,https://www.jobstreet.co.id/id/job-search/jobs-at-pt-lintas-teknologi-indonesia/,PT. Lintas Teknologi Indonesia,NA,2022-01-14T20:30:54.000Z
22,https://www.jobstreet.co.id/id/job/etl-developer-3737040?jobId=jobstreet-id-job-3737040&sectionRank=23&token=0~ea4bdd59-ff0e-4c62-8b8f-240b10858d6c&fr=SRP%20View%20In%20New%20Tab,ETL Developer,PT Magna Solusi Indonesia,https://www.jobstreet.co.id/id/job-search/jobs-at-pt-magna-solusi-indonesia/,PT Magna Solusi Indonesia,NA,2022-01-14T20:31:07.000Z
23,https://www.jobstreet.co.id/id/job/data-scientist-3758690?jobId=jobstreet-id-job-3758690&sectionRank=24&token=0~ea4bdd59-ff0e-4c62-8b8f-240b10858d6c&fr=SRP%20View%20In%20New%20Tab,Data Scientist,PT Talentvis Consulting Indonesia,https://www.jobstreet.co.id/id/job-search/jobs-at-pt-talentvis-consulting-indonesia/,PT Talentvis Consulting Indonesia,NA,2022-01-17T07:49:36.000Z
24,https://www.jobstreet.co.id/id/job/it-data-engineer-3734858?jobId=jobstreet-id-job-3734858&sectionRank=25&token=0~ea4bdd59-ff0e-4c62-8b8f-240b10858d6c&fr=SRP%20View%20In%20New%20Tab,IT Data Engineer,PT Foods Beverages Indonesia,https://www.jobstreet.co.id/id/job-search/jobs-at-pt-foods-beverages-indonesia/,PT Foods Beverages Indonesia,NA,2022-01-12T20:30:55.000Z
25,https://www.jobstreet.co.id/id/job/data-lead-3745687?jobId=jobstreet-id-job-3745687&sectionRank=26&token=0~ea4bdd59-ff0e-4c62-8b8f-240b10858d6c&fr=SRP%20View%20In%20New%20Tab,Data Lead,PT. Ruang Dagang Internasional,https://www.jobstreet.co.id/id/job-search/jobs-at-pt-ruang-dagang-internasional/,PT. Ruang Dagang Internasional,NA,2022-01-15T20:00:36.000Z
26,https://www.jobstreet.co.id/id/job/data-engineer-greenplum-3739051?jobId=jobstreet-id-job-3739051&sectionRank=27&token=0~ea4bdd59-ff0e-4c62-8b8f-240b10858d6c&fr=SRP%20View%20In%20New%20Tab,Data Engineer (Greenplum),PT Jasa Teknologi Informasi IBM,https://www.jobstreet.co.id/id/job-search/jobs-at-pt-jasa-teknologi-informasi-ibm/,PT Jasa Teknologi Informasi IBM,NA,2022-01-12T20:02:19.000Z
27,https://www.jobstreet.co.id/id/job/data-engineer-3751640?jobId=jobstreet-id-job-3751640&sectionRank=28&token=0~ea4bdd59-ff0e-4c62-8b8f-240b10858d6c&fr=SRP%20View%20In%20New%20Tab,Data Engineer,PT KOMUNITAS ANAK BANGSA,https://www.jobstreet.co.id/id/job-search/jobs-at-pt-komunitas-anak-bangsa/,PT KOMUNITAS ANAK BANGSA,NA,2022-01-11T09:13:44.000Z
28,https://www.jobstreet.co.id/id/job/data-analis-3749786?jobId=jobstreet-id-job-3749786&sectionRank=29&token=0~ea4bdd59-ff0e-4c62-8b8f-240b10858d6c&fr=SRP%20View%20In%20New%20Tab,DATA ANALIS,Marketing Sentratama Indonesia,https://www.jobstreet.co.id/id/job-search/jobs-at-marketing-sentratama-indonesia/,Marketing Sentratama Indonesia,NA,2022-01-10T10:08:33.000Z
29,https://www.jobstreet.co.id/id/job/data-engineer-3750344?jobId=jobstreet-id-job-3750344&sectionRank=30&token=0~ea4bdd59-ff0e-4c62-8b8f-240b10858d6c&fr=SRP%20View%20In%20New%20Tab,Data Engineer,Argon Group,https://www.jobstreet.co.id/id/job-search/jobs-at-argon-group/,Argon Group,NA,2022-01-11T02:27:07.000Z
30,https://www.jobstreet.co.id/id/job/data-warehouse-engineer-3757510?jobId=jobstreet-id-job-3757510&sectionRank=1&token=0~ea4bdd59-ff0e-4c62-8b8f-240b10858d6c&fr=SRP%20View%20In%20New%20Tab,Data Warehouse Engineer,PT PEFINDO Biro Kredit,https://www.jobstreet.co.id/id/job-search/jobs-at-pt-pefindo-biro-kredit/,PT PEFINDO Biro Kredit,NA,2022-01-16T17:42:32.000Z
31,https://www.jobstreet.co.id/id/job/data-engineer-3750622?jobId=jobstreet-id-job-3750622&sectionRank=2&token=0~ea4bdd59-ff0e-4c62-8b8f-240b10858d6c&fr=SRP%20View%20In%20New%20Tab,Data Engineer,PT Solusi Pintap Indonesia,https://www.jobstreet.co.id/id/job-search/jobs-at-pt-solusi-pintap-indonesia/,PT Solusi Pintap Indonesia,NA,2022-01-11T03:46:39.000Z
32,https://www.jobstreet.co.id/id/job/etl-developer-3753016?jobId=jobstreet-id-job-3753016&sectionRank=3&token=0~ea4bdd59-ff0e-4c62-8b8f-240b10858d6c&fr=SRP%20View%20In%20New%20Tab,ETL Developer,PT Asian Sigma Teknologi (SIGMATECH),https://www.jobstreet.co.id/id/job-search/jobs-at-pt-asian-sigma-teknologi-sigmatech/,PT Asian Sigma Teknologi (SIGMATECH),NA,2022-01-12T07:45:00.000Z
33,https://www.jobstreet.co.id/id/job/data-engineer-3746172?jobId=jobstreet-id-job-3746172&sectionRank=4&token=0~ea4bdd59-ff0e-4c62-8b8f-240b10858d6c&fr=SRP%20View%20In%20New%20Tab,Data Engineer,PT Inti Citra Agung (Optik Melawai),https://www.jobstreet.co.id/id/job-search/jobs-at-pt-inti-citra-agung-optik-melawai/,PT Inti Citra Agung (Optik Melawai),NA,2022-01-16T20:00:58.000Z
34,https://www.jobstreet.co.id/id/job/data-engineer-etl-developer-3746332?jobId=jobstreet-id-job-3746332&sectionRank=5&token=0~ea4bdd59-ff0e-4c62-8b8f-240b10858d6c&fr=SRP%20View%20In%20New%20Tab,Data Engineer / ETL Developer,PT. HTC Global Software Services,https://www.jobstreet.co.id/id/job-search/jobs-at-pt-htc-global-software-services/,PT. HTC Global Software Services,NA,2022-01-16T20:00:54.000Z
35,https://www.jobstreet.co.id/id/job/data-engineer-3747192?jobId=jobstreet-id-job-3747192&sectionRank=6&token=0~ea4bdd59-ff0e-4c62-8b8f-240b10858d6c&fr=SRP%20View%20In%20New%20Tab,Data Engineer,"PT. Metrodata Electronics, Tbk",https://www.jobstreet.co.id/id/job-search/jobs-at-pt-metrodata-electronics-tbk/,"PT. Metrodata Electronics, Tbk",NA,2022-01-16T20:00:39.000Z
36,https://www.jobstreet.co.id/id/job/data-engineer-3746559?jobId=jobstreet-id-job-3746559&sectionRank=7&token=0~ea4bdd59-ff0e-4c62-8b8f-240b10858d6c&fr=SRP%20View%20In%20New%20Tab,Data Engineer,PT Serasi Autoraya (TRAC - Astra ),https://www.jobstreet.co.id/id/job-search/jobs-at-pt-serasi-autoraya-trac-astra/,PT Serasi Autoraya (TRAC - Astra ),NA,2022-01-16T20:00:49.000Z
37,https://www.jobstreet.co.id/id/job/data-engineer-3759154?jobId=jobstreet-id-job-3759154&sectionRank=8&token=0~ea4bdd59-ff0e-4c62-8b8f-240b10858d6c&fr=SRP%20View%20In%20New%20Tab,Data Engineer,PT Sinergie Sentra Digital,https://www.jobstreet.co.id/id/job-search/jobs-at-pt-sinergie-sentra-digital/,PT Sinergie Sentra Digital,NA,2022-01-17T10:46:10.000Z
38,https://www.jobstreet.co.id/id/job/senior-data-scientist-3740874?jobId=jobstreet-id-job-3740874&sectionRank=9&token=0~ea4bdd59-ff0e-4c62-8b8f-240b10858d6c&fr=SRP%20View%20In%20New%20Tab,Senior Data Scientist,PT Sharing Vision Indonesia,https://www.jobstreet.co.id/id/job-search/jobs-at-pt-sharing-vision-indonesia/,PT Sharing Vision Indonesia,NA,2022-01-13T20:01:52.000Z
39,https://www.jobstreet.co.id/id/job/etl-developer-3747271?jobId=jobstreet-id-job-3747271&sectionRank=10&token=0~ea4bdd59-ff0e-4c62-8b8f-240b10858d6c&fr=SRP%20View%20In%20New%20Tab,ETL Developer,PT Artha Solutions Indonesia,https://www.jobstreet.co.id/id/job-search/jobs-at-pt-artha-solutions-indonesia/,PT Artha Solutions Indonesia,NA,2022-01-16T20:00:38.000Z
40,https://www.jobstreet.co.id/id/job/data-engineer-3742816?jobId=jobstreet-id-job-3742816&sectionRank=11&token=0~ea4bdd59-ff0e-4c62-8b8f-240b10858d6c&fr=SRP%20View%20In%20New%20Tab,Data Engineer,PT Tech Mahindra Indonesia,https://www.jobstreet.co.id/id/job-search/jobs-at-pt-tech-mahindra-indonesia/,PT Tech Mahindra Indonesia,NA,2022-01-14T20:01:00.000Z
41,https://www.jobstreet.co.id/id/job/senior-data-engineer-3747661?jobId=jobstreet-id-job-3747661&sectionRank=12&token=0~ea4bdd59-ff0e-4c62-8b8f-240b10858d6c&fr=SRP%20View%20In%20New%20Tab,Senior Data Engineer,Yayasan Bina Nusantara,https://www.jobstreet.co.id/id/job-search/jobs-at-yayasan-bina-nusantara/,Yayasan Bina Nusantara,NA,2022-01-16T20:00:33.000Z
42,https://www.jobstreet.co.id/id/job/etl-developer-3738414?jobId=jobstreet-id-job-3738414&sectionRank=13&token=0~ea4bdd59-ff0e-4c62-8b8f-240b10858d6c&fr=SRP%20View%20In%20New%20Tab,ETL Developer,PT IDStar Cipta Teknologi,https://www.jobstreet.co.id/id/job-search/jobs-at-pt-idstar-cipta-teknologi/,PT IDStar Cipta Teknologi,NA,2022-01-15T20:01:14.000Z
43,https://www.jobstreet.co.id/id/job/data-engineer-3756818?jobId=jobstreet-id-job-3756818&sectionRank=14&token=0~ea4bdd59-ff0e-4c62-8b8f-240b10858d6c&fr=SRP%20View%20In%20New%20Tab,Data Engineer,PT. ABeam Analytics Indonesia,https://www.jobstreet.co.id/id/job-search/jobs-at-pt-abeam-analytics-indonesia/,PT. ABeam Analytics Indonesia,NA,2022-01-14T10:45:26.000Z
44,https://www.jobstreet.co.id/id/job/data-engineer-3756035?jobId=jobstreet-id-job-3756035&sectionRank=15&token=0~ea4bdd59-ff0e-4c62-8b8f-240b10858d6c&fr=SRP%20View%20In%20New%20Tab,Data Engineer,PT Mega Perintis Tbk,https://www.jobstreet.co.id/id/job-search/jobs-at-pt-mega-perintis-tbk/,PT Mega Perintis Tbk,NA,2022-01-14T05:35:39.000Z
45,https://www.jobstreet.co.id/id/job/database-engineer-3758764?jobId=jobstreet-id-job-3758764&sectionRank=16&token=0~ea4bdd59-ff0e-4c62-8b8f-240b10858d6c&fr=SRP%20View%20In%20New%20Tab,Database Engineer,PT Arya Noble,https://www.jobstreet.co.id/id/job-search/jobs-at-pt-arya-noble/,PT Arya Noble,NA,2022-01-17T08:11:57.000Z
46,https://www.jobstreet.co.id/id/job/data-engineer-3753840?jobId=jobstreet-id-job-3753840&sectionRank=17&token=0~ea4bdd59-ff0e-4c62-8b8f-240b10858d6c&fr=SRP%20View%20In%20New%20Tab,Data Engineer,PT Nomura Research Institute Indonesia,https://www.jobstreet.co.id/id/job-search/jobs-at-pt-nomura-research-institute-indonesia/,PT Nomura Research Institute Indonesia,NA,2022-01-13T01:34:33.000Z
47,https://www.jobstreet.co.id/id/job/data-engineer-3755426?jobId=jobstreet-id-job-3755426&sectionRank=18&token=0~ea4bdd59-ff0e-4c62-8b8f-240b10858d6c&fr=SRP%20View%20In%20New%20Tab,Data Engineer,PT KOLTIVA,https://www.jobstreet.co.id/id/job-search/jobs-at-pt-koltiva/,PT KOLTIVA,NA,2022-01-14T01:23:59.000Z
48,https://www.jobstreet.co.id/id/job/data-engineer-3740706?jobId=jobstreet-id-job-3740706&sectionRank=19&token=0~ea4bdd59-ff0e-4c62-8b8f-240b10858d6c&fr=SRP%20View%20In%20New%20Tab,DATA ENGINEER,PT Phiraka Sinergi Indonesia,https://www.jobstreet.co.id/id/job-search/jobs-at-pt-phiraka-sinergi-indonesia/,PT Phiraka Sinergi Indonesia,NA,2022-01-13T20:01:59.000Z
49,https://www.jobstreet.co.id/id/job/data-engineer-etl-developer-3740278?jobId=jobstreet-id-job-3740278&sectionRank=20&token=0~ea4bdd59-ff0e-4c62-8b8f-240b10858d6c&fr=SRP%20View%20In%20New%20Tab,Data Engineer (ETL Developer),PT Lawencon Internasional,https://www.jobstreet.co.id/id/job-search/jobs-at-pt-lawencon-internasional/,PT Lawencon Internasional,NA,2022-01-12T20:00:37.000Z
50,https://www.jobstreet.co.id/id/job/machine-learning-engineer-3745053?jobId=jobstreet-id-job-3745053&sectionRank=21&token=0~ea4bdd59-ff0e-4c62-8b8f-240b10858d6c&fr=SRP%20View%20In%20New%20Tab,Machine Learning Engineer,PT Nomura Research Institute Indonesia,https://www.jobstreet.co.id/id/job-search/jobs-at-pt-nomura-research-institute-indonesia/,PT Nomura Research Institute Indonesia,NA,2022-01-15T20:00:51.000Z
51,https://www.jobstreet.co.id/id/job/senior-data-engineer-3737784?jobId=jobstreet-id-job-3737784&sectionRank=22&token=0~ea4bdd59-ff0e-4c62-8b8f-240b10858d6c&fr=SRP%20View%20In%20New%20Tab,Senior Data Engineer,PT. Lintas Teknologi Indonesia,https://www.jobstreet.co.id/id/job-search/jobs-at-pt-lintas-teknologi-indonesia/,PT. Lintas Teknologi Indonesia,NA,2022-01-14T20:30:54.000Z
52,https://www.jobstreet.co.id/id/job/etl-developer-3737040?jobId=jobstreet-id-job-3737040&sectionRank=23&token=0~ea4bdd59-ff0e-4c62-8b8f-240b10858d6c&fr=SRP%20View%20In%20New%20Tab,ETL Developer,PT Magna Solusi Indonesia,https://www.jobstreet.co.id/id/job-search/jobs-at-pt-magna-solusi-indonesia/,PT Magna Solusi Indonesia,NA,2022-01-14T20:31:07.000Z
53,https://www.jobstreet.co.id/id/job/data-scientist-3758690?jobId=jobstreet-id-job-3758690&sectionRank=24&token=0~ea4bdd59-ff0e-4c62-8b8f-240b10858d6c&fr=SRP%20View%20In%20New%20Tab,Data Scientist,PT Talentvis Consulting Indonesia,https://www.jobstreet.co.id/id/job-search/jobs-at-pt-talentvis-consulting-indonesia/,PT Talentvis Consulting Indonesia,NA,2022-01-17T07:49:36.000Z
54,https://www.jobstreet.co.id/id/job/it-data-engineer-3734858?jobId=jobstreet-id-job-3734858&sectionRank=25&token=0~ea4bdd59-ff0e-4c62-8b8f-240b10858d6c&fr=SRP%20View%20In%20New%20Tab,IT Data Engineer,PT Foods Beverages Indonesia,https://www.jobstreet.co.id/id/job-search/jobs-at-pt-foods-beverages-indonesia/,PT Foods Beverages Indonesia,NA,2022-01-12T20:30:55.000Z
55,https://www.jobstreet.co.id/id/job/data-lead-3745687?jobId=jobstreet-id-job-3745687&sectionRank=26&token=0~ea4bdd59-ff0e-4c62-8b8f-240b10858d6c&fr=SRP%20View%20In%20New%20Tab,Data Lead,PT. Ruang Dagang Internasional,https://www.jobstreet.co.id/id/job-search/jobs-at-pt-ruang-dagang-internasional/,PT. Ruang Dagang Internasional,NA,2022-01-15T20:00:36.000Z
56,https://www.jobstreet.co.id/id/job/data-engineer-greenplum-3739051?jobId=jobstreet-id-job-3739051&sectionRank=27&token=0~ea4bdd59-ff0e-4c62-8b8f-240b10858d6c&fr=SRP%20View%20In%20New%20Tab,Data Engineer (Greenplum),PT Jasa Teknologi Informasi IBM,https://www.jobstreet.co.id/id/job-search/jobs-at-pt-jasa-teknologi-informasi-ibm/,PT Jasa Teknologi Informasi IBM,NA,2022-01-12T20:02:19.000Z
57,https://www.jobstreet.co.id/id/job/data-engineer-3751640?jobId=jobstreet-id-job-3751640&sectionRank=28&token=0~ea4bdd59-ff0e-4c62-8b8f-240b10858d6c&fr=SRP%20View%20In%20New%20Tab,Data Engineer,PT KOMUNITAS ANAK BANGSA,https://www.jobstreet.co.id/id/job-search/jobs-at-pt-komunitas-anak-bangsa/,PT KOMUNITAS ANAK BANGSA,NA,2022-01-11T09:13:44.000Z
58,https://www.jobstreet.co.id/id/job/data-analis-3749786?jobId=jobstreet-id-job-3749786&sectionRank=29&token=0~ea4bdd59-ff0e-4c62-8b8f-240b10858d6c&fr=SRP%20View%20In%20New%20Tab,DATA ANALIS,Marketing Sentratama Indonesia,https://www.jobstreet.co.id/id/job-search/jobs-at-marketing-sentratama-indonesia/,Marketing Sentratama Indonesia,NA,2022-01-10T10:08:33.000Z
59,https://www.jobstreet.co.id/id/job/data-engineer-3750344?jobId=jobstreet-id-job-3750344&sectionRank=30&token=0~ea4bdd59-ff0e-4c62-8b8f-240b10858d6c&fr=SRP%20View%20In%20New%20Tab,Data Engineer,Argon Group,https://www.jobstreet.co.id/id/job-search/jobs-at-argon-group/,Argon Group,NA,2022-01-11T02:27:07.000Z
60,https://www.jobstreet.co.id/id/job/business-intelligence-bi-developer-3745823?jobId=jobstreet-id-job-3745823&sectionRank=31&token=0~48c1bdcb-172d-45fb-ab31-7e895df4a52c&fr=SRP%20View%20In%20New%20Tab,BUSINESS INTELLIGENCE (BI) DEVELOPER,PT Lawencon Internasional,https://www.jobstreet.co.id/id/job-search/jobs-at-pt-lawencon-internasional/,PT Lawencon Internasional,NA,2022-01-15T20:00:35.000Z
61,https://www.jobstreet.co.id/id/job/data-scientist-3745876?jobId=jobstreet-id-job-3745876&sectionRank=32&token=0~48c1bdcb-172d-45fb-ab31-7e895df4a52c&fr=SRP%20View%20In%20New%20Tab,Data Scientist,PT Solubis Sukses Gemilang,https://www.jobstreet.co.id/id/job-search/jobs-at-pt-solubis-sukses-gemilang/,PT Solubis Sukses Gemilang,NA,2022-01-15T20:00:34.000Z
62,https://www.jobstreet.co.id/id/job/database-engineer-3741607?jobId=jobstreet-id-job-3741607&sectionRank=33&token=0~48c1bdcb-172d-45fb-ab31-7e895df4a52c&fr=SRP%20View%20In%20New%20Tab,Database Engineer,PT. Circleka Indonesia Utama,https://www.jobstreet.co.id/id/job-search/jobs-at-pt-circleka-indonesia-utama/,PT. Circleka Indonesia Utama,NA,2022-01-13T20:00:52.000Z
63,https://www.jobstreet.co.id/id/job/it-infrastructure-specialist-data-engineer-3751039?jobId=jobstreet-id-job-3751039&sectionRank=34&token=0~48c1bdcb-172d-45fb-ab31-7e895df4a52c&fr=SRP%20View%20In%20New%20Tab,IT Infrastructure Specialist (Data Engineer),PT Bussan Auto Finance (BAF),https://www.jobstreet.co.id/id/job-search/jobs-at-pt-bussan-auto-finance-baf/,PT Bussan Auto Finance (BAF),NA,2022-01-11T06:20:59.000Z
64,https://www.jobstreet.co.id/id/job/software-engineer-kg-media-3736699?jobId=jobstreet-id-job-3736699&sectionRank=35&token=0~48c1bdcb-172d-45fb-ab31-7e895df4a52c&fr=SRP%20View%20In%20New%20Tab,Software Engineer - KG Media,Kompas Gramedia - KG Media,https://www.jobstreet.co.id/id/job-search/jobs-at-kompas-gramedia-kg-media/,Kompas Gramedia - KG Media,NA,2022-01-14T20:31:17.000Z
65,https://www.jobstreet.co.id/id/job/data-quality-engineer-qa-3754854?jobId=jobstreet-id-job-3754854&sectionRank=36&token=0~48c1bdcb-172d-45fb-ab31-7e895df4a52c&fr=SRP%20View%20In%20New%20Tab,Data Quality Engineer - QA,"PT Bank Permata, Tbk",https://www.jobstreet.co.id/id/job-search/jobs-at-pt-bank-permata-tbk/,"PT Bank Permata, Tbk",NA,2022-01-13T08:15:54.000Z
66,https://www.jobstreet.co.id/id/job/frontend-engineer-tribunnetwork-3748407?jobId=jobstreet-id-job-3748407&sectionRank=37&token=0~48c1bdcb-172d-45fb-ab31-7e895df4a52c&fr=SRP%20View%20In%20New%20Tab,Frontend Engineer - Tribunnetwork,Tribun Network,https://www.jobstreet.co.id/id/job-search/jobs-at-tribun-network/,Tribun Network,NA,2022-01-10T03:09:53.000Z
67,https://www.jobstreet.co.id/id/job/machine-learning-engineer-3756237?jobId=jobstreet-id-job-3756237&sectionRank=38&token=0~48c1bdcb-172d-45fb-ab31-7e895df4a52c&fr=SRP%20View%20In%20New%20Tab,Machine Learning Engineer,PT Mega Perintis Tbk,https://www.jobstreet.co.id/id/job-search/jobs-at-pt-mega-perintis-tbk/,PT Mega Perintis Tbk,NA,2022-01-14T07:01:36.000Z
68,https://www.jobstreet.co.id/id/job/it-core-developer-obiee-3743412?jobId=jobstreet-id-job-3743412&sectionRank=39&token=0~48c1bdcb-172d-45fb-ab31-7e895df4a52c&fr=SRP%20View%20In%20New%20Tab,IT CORE DEVELOPER (OBIEE),PT Matahari Department Store Tbk,https://www.jobstreet.co.id/id/job-search/jobs-at-pt-matahari-department-store-tbk/,PT Matahari Department Store Tbk,NA,2022-01-14T20:00:46.000Z
69,https://www.jobstreet.co.id/id/job/data-engineer-sap-hana-ee-3751628?jobId=jobstreet-id-job-3751628&sectionRank=40&token=0~48c1bdcb-172d-45fb-ab31-7e895df4a52c&fr=SRP%20View%20In%20New%20Tab,Data Engineer (SAP HANA EE),PT. ABeam Analytics Indonesia,https://www.jobstreet.co.id/id/job-search/jobs-at-pt-abeam-analytics-indonesia/,PT. ABeam Analytics Indonesia,NA,2022-01-11T09:09:42.000Z
70,https://www.jobstreet.co.id/id/job/database-engineer-3732665?jobId=jobstreet-id-job-3732665&sectionRank=41&token=0~48c1bdcb-172d-45fb-ab31-7e895df4a52c&fr=SRP%20View%20In%20New%20Tab,Database Engineer,PT Solusi Pembayaran Elektronik,https://www.jobstreet.co.id/id/job-search/jobs-at-pt-solusi-pembayaran-elektronik/,PT Solusi Pembayaran Elektronik,NA,2022-01-11T20:00:49.000Z
71,https://www.jobstreet.co.id/id/job/database-developer-3740123?jobId=jobstreet-id-job-3740123&sectionRank=42&token=0~48c1bdcb-172d-45fb-ab31-7e895df4a52c&fr=SRP%20View%20In%20New%20Tab,Database Developer,CIPUTRA GROUP,https://www.jobstreet.co.id/id/job-search/jobs-at-ciputra-group/,CIPUTRA GROUP,NA,2022-01-03T08:31:28.000Z
72,https://www.jobstreet.co.id/id/job/data-security-engineer-3744077?jobId=jobstreet-id-job-3744077&sectionRank=43&token=0~48c1bdcb-172d-45fb-ab31-7e895df4a52c&fr=SRP%20View%20In%20New%20Tab,Data Security Engineer,PT Dymar Jaya Indonesia,https://www.jobstreet.co.id/id/job-search/jobs-at-pt-dymar-jaya-indonesia/,PT Dymar Jaya Indonesia,NA,2022-01-14T20:00:36.000Z
73,https://www.jobstreet.co.id/id/job/machine-learning-3732847?jobId=jobstreet-id-job-3732847&sectionRank=44&token=0~48c1bdcb-172d-45fb-ab31-7e895df4a52c&fr=SRP%20View%20In%20New%20Tab,Machine Learning,PT KOMUNITAS ANAK BANGSA,https://www.jobstreet.co.id/id/job-search/jobs-at-pt-komunitas-anak-bangsa/,PT KOMUNITAS ANAK BANGSA,NA,2022-01-11T20:00:47.000Z
74,https://www.jobstreet.co.id/id/job/backend-engineer-3746859?jobId=jobstreet-id-job-3746859&sectionRank=45&token=0~48c1bdcb-172d-45fb-ab31-7e895df4a52c&fr=SRP%20View%20In%20New%20Tab,Backend Engineer,PT Tibeka Logistik Indonesia,https://www.jobstreet.co.id/id/job-search/jobs-at-pt-tibeka-logistik-indonesia/,PT Tibeka Logistik Indonesia,NA,2022-01-16T20:00:43.000Z
75,https://www.jobstreet.co.id/id/job/machine-learning-engineer-3739472?jobId=jobstreet-id-job-3739472&sectionRank=46&token=0~48c1bdcb-172d-45fb-ab31-7e895df4a52c&fr=SRP%20View%20In%20New%20Tab,Machine Learning Engineer,Wirecard Technologies Indonesia,https://www.jobstreet.co.id/id/job-search/jobs-at-wirecard-technologies-indonesia/,Wirecard Technologies Indonesia,NA,2022-01-12T20:01:35.000Z
76,https://www.jobstreet.co.id/id/job/data-solution-3742267?jobId=jobstreet-id-job-3742267&sectionRank=47&token=0~48c1bdcb-172d-45fb-ab31-7e895df4a52c&fr=SRP%20View%20In%20New%20Tab,Data Solution,PT Intikom Berlian Mustika,https://www.jobstreet.co.id/id/job-search/jobs-at-pt-intikom-berlian-mustika/,PT Intikom Berlian Mustika,NA,2022-01-13T20:00:33.000Z
77,https://www.jobstreet.co.id/id/job/data-governance-lead-3736558?jobId=jobstreet-id-job-3736558&sectionRank=48&token=0~48c1bdcb-172d-45fb-ab31-7e895df4a52c&fr=SRP%20View%20In%20New%20Tab,Data Governance Lead,"PT Bank Sinarmas, Tbk",https://www.jobstreet.co.id/id/job-search/jobs-at-pt-bank-sinarmas-tbk/,"PT Bank Sinarmas, Tbk",NA,2022-01-13T20:02:04.000Z
78,https://www.jobstreet.co.id/id/job/etl-developer-3750623?jobId=jobstreet-id-job-3750623&sectionRank=49&token=0~48c1bdcb-172d-45fb-ab31-7e895df4a52c&fr=SRP%20View%20In%20New%20Tab,ETL Developer,PT Indocyber Global Teknologi,https://www.jobstreet.co.id/id/job-search/jobs-at-pt-indocyber-global-teknologi/,PT Indocyber Global Teknologi,NA,2022-01-11T03:46:50.000Z
79,https://www.jobstreet.co.id/id/job/system-engineer-data-center-virtualization-3733116?jobId=jobstreet-id-job-3733116&sectionRank=50&token=0~48c1bdcb-172d-45fb-ab31-7e895df4a52c&fr=SRP%20View%20In%20New%20Tab,System Engineer (Data Center Virtualization),PT Nusantara Compnet Integrator,https://www.jobstreet.co.id/id/job-search/jobs-at-pt-nusantara-compnet-integrator/,PT Nusantara Compnet Integrator,NA,2022-01-11T20:00:44.000Z
80,https://www.jobstreet.co.id/id/job/2nd-level-engineer-data-center-3753453?jobId=jobstreet-id-job-3753453&sectionRank=51&token=0~48c1bdcb-172d-45fb-ab31-7e895df4a52c&fr=SRP%20View%20In%20New%20Tab,2nd Level Engineer (Data Center),PT Nusantara Compnet Integrator,https://www.jobstreet.co.id/id/job-search/jobs-at-pt-nusantara-compnet-integrator/,PT Nusantara Compnet Integrator,NA,2022-01-12T09:53:01.000Z
81,https://www.jobstreet.co.id/id/job/staff-it-data-visualization-3755874?jobId=jobstreet-id-job-3755874&sectionRank=52&token=0~48c1bdcb-172d-45fb-ab31-7e895df4a52c&fr=SRP%20View%20In%20New%20Tab,Staff IT Data Visualization,PT Techpack Asia,https://www.jobstreet.co.id/id/job-search/jobs-at-pt-techpack-asia/,PT Techpack Asia,NA,2022-01-14T04:16:04.000Z
82,https://www.jobstreet.co.id/id/job/data-engineer-financial-service-industry-3730537?jobId=jobstreet-id-job-3730537&sectionRank=53&token=0~48c1bdcb-172d-45fb-ab31-7e895df4a52c&fr=SRP%20View%20In%20New%20Tab,Data Engineer (Financial Service Industry),PT PEPPER SERVICES INDONESIA,https://www.jobstreet.co.id/id/job-search/jobs-at-pt-pepper-services-indonesia/,PT PEPPER SERVICES INDONESIA,NA,2022-01-07T20:01:33.000Z
83,https://www.jobstreet.co.id/id/job/database-engineer-specialist-3751083?jobId=jobstreet-id-job-3751083&sectionRank=54&token=0~48c1bdcb-172d-45fb-ab31-7e895df4a52c&fr=SRP%20View%20In%20New%20Tab,Database Engineer Specialist,PT Mitra Prodin,https://www.jobstreet.co.id/id/job-search/jobs-at-pt-mitra-prodin/,PT Mitra Prodin,NA,2022-01-11T06:30:51.000Z
84,https://www.jobstreet.co.id/id/job/etl-developer-3732388?jobId=jobstreet-id-job-3732388&sectionRank=55&token=0~48c1bdcb-172d-45fb-ab31-7e895df4a52c&fr=SRP%20View%20In%20New%20Tab,ETL Developer,PT CIMB Niaga Tbk,https://www.jobstreet.co.id/id/job-search/jobs-at-pt-cimb-niaga-tbk/,PT CIMB Niaga Tbk,NA,2022-01-08T20:00:48.000Z
85,https://www.jobstreet.co.id/id/job/golang-development-engineer-3755653?jobId=jobstreet-id-job-3755653&sectionRank=56&token=0~48c1bdcb-172d-45fb-ab31-7e895df4a52c&fr=SRP%20View%20In%20New%20Tab,Golang Development Engineer,PT. Kredit Utama Fintech Indonesia,https://www.jobstreet.co.id/id/job-search/jobs-at-pt-kredit-utama-fintech-indonesia/,PT. Kredit Utama Fintech Indonesia,NA,2022-01-14T03:06:54.000Z
86,https://www.jobstreet.co.id/id/job/data-scientist-unit-head-3755770?jobId=jobstreet-id-job-3755770&sectionRank=57&token=0~48c1bdcb-172d-45fb-ab31-7e895df4a52c&fr=SRP%20View%20In%20New%20Tab,DATA SCIENTIST UNIT HEAD,PT Mega Central Finance,https://www.jobstreet.co.id/id/job-search/jobs-at-pt-mega-central-finance/,PT Mega Central Finance,NA,2022-01-14T03:40:05.000Z
87,https://www.jobstreet.co.id/id/job/senior-data-analytic-engineer-data-engineer-3729947?jobId=jobstreet-id-job-3729947&sectionRank=58&token=0~48c1bdcb-172d-45fb-ab31-7e895df4a52c&fr=SRP%20View%20In%20New%20Tab,Senior Data Analytic Engineer/Data Engineer,PT Ako Media Asia,https://www.jobstreet.co.id/id/job-search/jobs-at-pt-ako-media-asia/,PT Ako Media Asia,NA,2022-01-06T20:00:48.000Z
88,https://www.jobstreet.co.id/id/job/database-engineer-oracle-certified-3733653?jobId=jobstreet-id-job-3733653&sectionRank=59&token=0~48c1bdcb-172d-45fb-ab31-7e895df4a52c&fr=SRP%20View%20In%20New%20Tab,Database Engineer (Oracle Certified),PT Sisindokom Lintasbuana,https://www.jobstreet.co.id/id/job-search/jobs-at-pt-sisindokom-lintasbuana/,PT Sisindokom Lintasbuana,NA,2022-01-11T20:00:38.000Z
89,https://www.jobstreet.co.id/id/job/google-data-engineer-3728957?jobId=jobstreet-id-job-3728957&sectionRank=60&token=0~48c1bdcb-172d-45fb-ab31-7e895df4a52c&fr=SRP%20View%20In%20New%20Tab,Google Data Engineer,"PT. Metrodata Electronics, Tbk",https://www.jobstreet.co.id/id/job-search/jobs-at-pt-metrodata-electronics-tbk/,"PT. Metrodata Electronics, Tbk",NA,2022-01-06T20:30:56.000Z
90,https://www.jobstreet.co.id/id/job/lead-product-manager-merchant-lending-1030251166?jobId=jobstreet-id-job-1030251166&sectionRank=781&token=0~25505b28-3a08-4c00-82d4-990bb436fd76&fr=SRP%20View%20In%20New%20Tab,Lead Product Manager-Merchant Lending,PT Aplikasi Karya Anak Bangsa,https://www.jobstreet.co.id/id/job-search/jobs-at-pt-aplikasi-karya-anak-bangsa/,PT Aplikasi Karya Anak Bangsa,NA,2022-01-15T22:33:42.000Z
91,https://www.jobstreet.co.id/id/job/product-manager-revenue-systems-salesforce-1030198828?jobId=jobstreet-id-job-1030198828&sectionRank=782&token=0~25505b28-3a08-4c00-82d4-990bb436fd76&fr=SRP%20View%20In%20New%20Tab,Product Manager Revenue Systems (Salesforce),Xendit,https://www.jobstreet.co.id/id/job-search/jobs-at-xendit/,Xendit,NA,2022-01-16T15:39:58.000Z
92,https://www.jobstreet.co.id/id/job/regional-sort-assistant-manager-1030198766?jobId=jobstreet-id-job-1030198766&sectionRank=783&token=0~25505b28-3a08-4c00-82d4-990bb436fd76&fr=SRP%20View%20In%20New%20Tab,Regional Sort Assistant Manager,PT Andiarta Muzizat,https://www.jobstreet.co.id/id/job-search/jobs-at-pt-andiarta-muzizat/,PT Andiarta Muzizat,NA,2022-01-12T15:42:23.000Z
93,https://www.jobstreet.co.id/id/job/business-operation-1030215262?jobId=jobstreet-id-job-1030215262&sectionRank=784&token=0~25505b28-3a08-4c00-82d4-990bb436fd76&fr=SRP%20View%20In%20New%20Tab,Business Operation,Aruna,https://www.jobstreet.co.id/id/job-search/jobs-at-aruna/,Aruna,NA,2022-01-16T15:45:35.000Z
94,https://www.jobstreet.co.id/id/job/product-manager-2-merchant-partner-gofood-1030230175?jobId=jobstreet-id-job-1030230175&sectionRank=785&token=0~25505b28-3a08-4c00-82d4-990bb436fd76&fr=SRP%20View%20In%20New%20Tab,Product Manager 2 - Merchant Partner (GoFood),PT Aplikasi Karya Anak Bangsa,https://www.jobstreet.co.id/id/job-search/jobs-at-pt-aplikasi-karya-anak-bangsa/,PT Aplikasi Karya Anak Bangsa,NA,2022-01-13T22:33:08.000Z
95,https://www.jobstreet.co.id/id/job/account-manager-1030146753?jobId=jobstreet-id-job-1030146753&sectionRank=786&token=0~25505b28-3a08-4c00-82d4-990bb436fd76&fr=SRP%20View%20In%20New%20Tab,Account Manager,CommScope,https://www.jobstreet.co.id/id/job-search/jobs-at-commscope/,CommScope,NA,2022-01-16T15:23:12.000Z
96,https://www.jobstreet.co.id/id/job/operations-shopee-express-first-and-last-mile-quality-control-yogyakarta-1030053007?jobId=jobstreet-id-job-1030053007&sectionRank=787&token=0~25505b28-3a08-4c00-82d4-990bb436fd76&fr=SRP%20View%20In%20New%20Tab,"Operations - Shopee Express, First and Last Mile Quality Control (Yogyakarta)",PT Shopee International Indonesia,https://www.jobstreet.co.id/id/job-search/jobs-at-pt-shopee-international-indonesia/,PT Shopee International Indonesia,NA,2022-01-16T15:36:00.000Z
97,https://www.jobstreet.co.id/id/job/product-manager-1030244785?jobId=jobstreet-id-job-1030244785&sectionRank=788&token=0~25505b28-3a08-4c00-82d4-990bb436fd76&fr=SRP%20View%20In%20New%20Tab,Product Manager,PT Grab Taxi Indonesia,https://www.jobstreet.co.id/id/job-search/jobs-at-pt-grab-taxi-indonesia/,PT Grab Taxi Indonesia,NA,2022-01-14T22:33:32.000Z
98,https://www.jobstreet.co.id/id/job/product-manager-b2b-fintech-experiments-1030000964?jobId=jobstreet-id-job-1030000964&sectionRank=789&token=0~25505b28-3a08-4c00-82d4-990bb436fd76&fr=SRP%20View%20In%20New%20Tab,Product Manager - B2B Fintech Experiments,Xendit,https://www.jobstreet.co.id/id/job-search/jobs-at-xendit/,Xendit,NA,2022-01-16T15:35:45.000Z
99,https://www.jobstreet.co.id/id/job/python-programmer-1030146809?jobId=jobstreet-id-job-1030146809&sectionRank=790&token=0~25505b28-3a08-4c00-82d4-990bb436fd76&fr=SRP%20View%20In%20New%20Tab,Python Programmer,Sonar Audio Post,https://www.jobstreet.co.id/id/job-search/jobs-at-sonar-audio-post/,Sonar Audio Post,NA,2022-01-06T22:34:08.000Z
100,https://www.jobstreet.co.id/id/job/software-engineer-backend-1030053005?jobId=jobstreet-id-job-1030053005&sectionRank=791&token=0~25505b28-3a08-4c00-82d4-990bb436fd76&fr=SRP%20View%20In%20New%20Tab,"Software Engineer, Backend",PT Grab Taxi Indonesia,https://www.jobstreet.co.id/id/job-search/jobs-at-pt-grab-taxi-indonesia/,PT Grab Taxi Indonesia,NA,2021-12-30T07:33:02.000Z
101,https://www.jobstreet.co.id/id/job/product-qa-manual-tester-1030001047?jobId=jobstreet-id-job-1030001047&sectionRank=792&token=0~25505b28-3a08-4c00-82d4-990bb436fd76&fr=SRP%20View%20In%20New%20Tab,Product QA – Manual Tester,Quipper,https://www.jobstreet.co.id/id/job-search/jobs-at-quipper/,Quipper,NA,2022-01-16T15:37:00.000Z
102,https://www.jobstreet.co.id/id/job/technical-solutions-consultant-1030251174?jobId=jobstreet-id-job-1030251174&sectionRank=793&token=0~25505b28-3a08-4c00-82d4-990bb436fd76&fr=SRP%20View%20In%20New%20Tab,Technical Solutions Consultant,Experian,https://www.jobstreet.co.id/id/job-search/jobs-at-experian/,Experian,NA,2022-01-17T03:53:28.000Z
103,https://www.jobstreet.co.id/id/job/avod-content-curation-intern-1030146813?jobId=jobstreet-id-job-1030146813&sectionRank=794&token=0~25505b28-3a08-4c00-82d4-990bb436fd76&fr=SRP%20View%20In%20New%20Tab,AVOD Content Curation Intern,PT Kreatif Media Karya,https://www.jobstreet.co.id/id/job-search/jobs-at-pt-kreatif-media-karya/,PT Kreatif Media Karya,NA,2022-01-14T18:33:52.000Z
104,https://www.jobstreet.co.id/id/job/area-retail-analyst-jember-1030215207?jobId=jobstreet-id-job-1030215207&sectionRank=795&token=0~25505b28-3a08-4c00-82d4-990bb436fd76&fr=SRP%20View%20In%20New%20Tab,Area Retail Analyst - Jember,Phillip Morris Latinoamérica,https://www.jobstreet.co.id/id/job-search/jobs-at-phillip-morris-latinoam%C3%A9rica/,Phillip Morris Latinoamérica,NA,2022-01-16T15:05:26.000Z
105,https://www.jobstreet.co.id/id/job/lead-data-warehouse-payments-1029987731?jobId=jobstreet-id-job-1029987731&sectionRank=796&token=0~25505b28-3a08-4c00-82d4-990bb436fd76&fr=SRP%20View%20In%20New%20Tab,Lead Data Warehouse - Payments,PT Aplikasi Karya Anak Bangsa,https://www.jobstreet.co.id/id/job-search/jobs-at-pt-aplikasi-karya-anak-bangsa/,PT Aplikasi Karya Anak Bangsa,NA,2021-12-21T22:34:16.000Z
106,https://www.jobstreet.co.id/id/job/regional-environmental-engineer-aws-ehs-compliance-1030053004?jobId=jobstreet-id-job-1030053004&sectionRank=797&token=0~25505b28-3a08-4c00-82d4-990bb436fd76&fr=SRP%20View%20In%20New%20Tab,"Regional Environmental Engineer, AWS EHS Compliance",Amazon Pet Indo,https://www.jobstreet.co.id/id/job-search/jobs-at-amazon-pet-indo/,Amazon Pet Indo,NA,2021-12-30T07:31:27.000Z
107,https://www.jobstreet.co.id/id/job/account-manager-1030215288?jobId=jobstreet-id-job-1030215288&sectionRank=798&token=0~25505b28-3a08-4c00-82d4-990bb436fd76&fr=SRP%20View%20In%20New%20Tab,Account Manager,Wärtsilä,https://www.jobstreet.co.id/id/job-search/jobs-at-w%C3%A4rtsil%C3%A4/,Wärtsilä,NA,2022-01-16T15:03:58.000Z
108,https://www.jobstreet.co.id/id/job/technical-account-manager-enterprise-support-1030251114?jobId=jobstreet-id-job-1030251114&sectionRank=799&token=0~25505b28-3a08-4c00-82d4-990bb436fd76&fr=SRP%20View%20In%20New%20Tab,"Technical Account Manager, Enterprise Support",Amazon Pet Indo,https://www.jobstreet.co.id/id/job-search/jobs-at-amazon-pet-indo/,Amazon Pet Indo,NA,2022-01-15T22:33:42.000Z
109,https://www.jobstreet.co.id/id/job/associate-she-specialist-1030251099?jobId=jobstreet-id-job-1030251099&sectionRank=800&token=0~25505b28-3a08-4c00-82d4-990bb436fd76&fr=SRP%20View%20In%20New%20Tab,Associate SHE Specialist,PT Ecolab International Indonesia,https://www.jobstreet.co.id/id/job-search/jobs-at-pt-ecolab-international-indonesia/,PT Ecolab International Indonesia,NA,2022-01-15T22:33:41.000Z
110,https://www.jobstreet.co.id/id/job/technical-support-associate-1030198793?jobId=jobstreet-id-job-1030198793&sectionRank=801&token=0~25505b28-3a08-4c00-82d4-990bb436fd76&fr=SRP%20View%20In%20New%20Tab,Technical Support Associate,PT Danayasa Arthatama,https://www.jobstreet.co.id/id/job-search/jobs-at-pt-danayasa-arthatama/,PT Danayasa Arthatama,NA,2022-01-11T22:33:24.000Z
111,https://www.jobstreet.co.id/id/job/polymer-lab-analyst-1030244762?jobId=jobstreet-id-job-1030244762&sectionRank=802&token=0~25505b28-3a08-4c00-82d4-990bb436fd76&fr=SRP%20View%20In%20New%20Tab,Polymer Lab Analyst,PT Chandra Asri Petrochemical Tbk,https://www.jobstreet.co.id/id/job-search/jobs-at-pt-chandra-asri-petrochemical-tbk/,PT Chandra Asri Petrochemical Tbk,NA,2022-01-14T22:33:32.000Z
112,https://www.jobstreet.co.id/id/job/product-group-planning-manager-home-care-1030244743?jobId=jobstreet-id-job-1030244743&sectionRank=803&token=0~25505b28-3a08-4c00-82d4-990bb436fd76&fr=SRP%20View%20In%20New%20Tab,Product Group Planning Manager – Home Care,PT Unilever Indonesia Tbk,https://www.jobstreet.co.id/id/job-search/jobs-at-pt-unilever-indonesia-tbk/,PT Unilever Indonesia Tbk,NA,2022-01-14T22:33:32.000Z
113,https://www.jobstreet.co.id/id/job/marketing-technology-junior-senior-lead-1030230164?jobId=jobstreet-id-job-1030230164&sectionRank=804&token=0~25505b28-3a08-4c00-82d4-990bb436fd76&fr=SRP%20View%20In%20New%20Tab,Marketing Technology (Junior/Senior/Lead),PT Dwi Cermat Indonesia,https://www.jobstreet.co.id/id/job-search/jobs-at-pt-dwi-cermat-indonesia/,PT Dwi Cermat Indonesia,NA,2022-01-13T22:33:08.000Z
114,https://www.jobstreet.co.id/id/job/fraud-investigation-manager-financial-services-platform-1030251155?jobId=jobstreet-id-job-1030251155&sectionRank=805&token=0~25505b28-3a08-4c00-82d4-990bb436fd76&fr=SRP%20View%20In%20New%20Tab,Fraud Investigation Manager - Financial Services Platform,PT Aplikasi Karya Anak Bangsa,https://www.jobstreet.co.id/id/job-search/jobs-at-pt-aplikasi-karya-anak-bangsa/,PT Aplikasi Karya Anak Bangsa,NA,2022-01-15T22:33:42.000Z
115,https://www.jobstreet.co.id/id/job/senior-ios-engineer-1030017315?jobId=jobstreet-id-job-1030017315&sectionRank=806&token=0~25505b28-3a08-4c00-82d4-990bb436fd76&fr=SRP%20View%20In%20New%20Tab,Senior iOS Engineer,PT Icart Group Indonesia,https://www.jobstreet.co.id/id/job-search/jobs-at-pt-icart-group-indonesia/,PT Icart Group Indonesia,NA,2021-12-27T15:05:40.000Z
116,https://www.jobstreet.co.id/id/job/senior-product-manager-1030230166?jobId=jobstreet-id-job-1030230166&sectionRank=807&token=0~25505b28-3a08-4c00-82d4-990bb436fd76&fr=SRP%20View%20In%20New%20Tab,Senior Product Manager,PT Grab Taxi Indonesia,https://www.jobstreet.co.id/id/job-search/jobs-at-pt-grab-taxi-indonesia/,PT Grab Taxi Indonesia,NA,2022-01-13T22:33:08.000Z
117,https://www.jobstreet.co.id/id/job/business-process-manager-1030215186?jobId=jobstreet-id-job-1030215186&sectionRank=808&token=0~25505b28-3a08-4c00-82d4-990bb436fd76&fr=SRP%20View%20In%20New%20Tab,Business Process Manager,Xendit,https://www.jobstreet.co.id/id/job-search/jobs-at-xendit/,Xendit,NA,2022-01-16T15:05:48.000Z
118,https://www.jobstreet.co.id/id/job/senior-product-manager-frontend-1030184633?jobId=jobstreet-id-job-1030184633&sectionRank=809&token=0~25505b28-3a08-4c00-82d4-990bb436fd76&fr=SRP%20View%20In%20New%20Tab,Senior Product Manager - Frontend,PT Icart Group Indonesia,https://www.jobstreet.co.id/id/job-search/jobs-at-pt-icart-group-indonesia/,PT Icart Group Indonesia,NA,2022-01-10T22:32:57.000Z
119,https://www.jobstreet.co.id/id/job/asst-gtm-quality-manager-1030244815?jobId=jobstreet-id-job-1030244815&sectionRank=810&token=0~25505b28-3a08-4c00-82d4-990bb436fd76&fr=SRP%20View%20In%20New%20Tab,Asst. GtM Quality Manager,PT Unilever Indonesia Tbk,https://www.jobstreet.co.id/id/job-search/jobs-at-pt-unilever-indonesia-tbk/,PT Unilever Indonesia Tbk,NA,2022-01-14T22:33:32.000Z
120,https://www.jobstreet.co.id/id/job/revenue-systems-engineer-1030230234?jobId=jobstreet-id-job-1030230234&sectionRank=751&token=0~5ecf7596-0209-4118-805f-5f3ebcfec628&fr=SRP%20View%20In%20New%20Tab,Revenue Systems Engineer,Xendit,https://www.jobstreet.co.id/id/job-search/jobs-at-xendit/,Xendit,NA,2022-01-16T15:47:56.000Z
121,https://www.jobstreet.co.id/id/job/associate-network-engineer-1030230228?jobId=jobstreet-id-job-1030230228&sectionRank=752&token=0~5ecf7596-0209-4118-805f-5f3ebcfec628&fr=SRP%20View%20In%20New%20Tab,Associate Network Engineer,PT NTT Global Data Centers Indonesia,https://www.jobstreet.co.id/id/job-search/jobs-at-pt-ntt-global-data-centers-indonesia/,PT NTT Global Data Centers Indonesia,NA,2022-01-13T22:33:08.000Z
122,https://www.jobstreet.co.id/id/job/engineering-and-technology-it-business-partner-1030017351?jobId=jobstreet-id-job-1030017351&sectionRank=753&token=0~5ecf7596-0209-4118-805f-5f3ebcfec628&fr=SRP%20View%20In%20New%20Tab,Engineering and Technology - IT Business Partner,PT Shopee International Indonesia,https://www.jobstreet.co.id/id/job-search/jobs-at-pt-shopee-international-indonesia/,PT Shopee International Indonesia,NA,2022-01-16T15:08:33.000Z
123,https://www.jobstreet.co.id/id/job/manager-sourcing-dairy-amea-1030251168?jobId=jobstreet-id-job-1030251168&sectionRank=754&token=0~5ecf7596-0209-4118-805f-5f3ebcfec628&fr=SRP%20View%20In%20New%20Tab,"Manager Sourcing, DAIRY AMEA",PT Mondelez Indonesia,https://www.jobstreet.co.id/id/job-search/jobs-at-pt-mondelez-indonesia/,PT Mondelez Indonesia,NA,2022-01-15T22:33:42.000Z
124,https://www.jobstreet.co.id/id/job/android-developer-1030251164?jobId=jobstreet-id-job-1030251164&sectionRank=755&token=0~5ecf7596-0209-4118-805f-5f3ebcfec628&fr=SRP%20View%20In%20New%20Tab,Android Developer,PT Midas Daya Teknologi,https://www.jobstreet.co.id/id/job-search/jobs-at-pt-midas-daya-teknologi/,PT Midas Daya Teknologi,NA,2022-01-15T22:33:42.000Z
125,https://www.jobstreet.co.id/id/job/product-management-video-1030017348?jobId=jobstreet-id-job-1030017348&sectionRank=756&token=0~5ecf7596-0209-4118-805f-5f3ebcfec628&fr=SRP%20View%20In%20New%20Tab,Product Management - Video,PT Shopee International Indonesia,https://www.jobstreet.co.id/id/job-search/jobs-at-pt-shopee-international-indonesia/,PT Shopee International Indonesia,NA,2022-01-16T15:09:18.000Z
126,https://www.jobstreet.co.id/id/job/associate-strategy-planning-data-analytics-1030168602?jobId=jobstreet-id-job-1030168602&sectionRank=757&token=0~5ecf7596-0209-4118-805f-5f3ebcfec628&fr=SRP%20View%20In%20New%20Tab,"Associate, Strategy & Planning (Data Analytics)",PT Grab Taxi Indonesia,https://www.jobstreet.co.id/id/job-search/jobs-at-pt-grab-taxi-indonesia/,PT Grab Taxi Indonesia,NA,2022-01-08T22:35:23.000Z
127,https://www.jobstreet.co.id/id/job/senior-software-engineer-golang-1030172347?jobId=jobstreet-id-job-1030172347&sectionRank=758&token=0~5ecf7596-0209-4118-805f-5f3ebcfec628&fr=SRP%20View%20In%20New%20Tab,Senior Software Engineer - Golang,PT Fashion Eservices Indonesia,https://www.jobstreet.co.id/id/job-search/jobs-at-pt-fashion-eservices-indonesia/,PT Fashion Eservices Indonesia,NA,2022-01-09T22:34:53.000Z
128,https://www.jobstreet.co.id/id/job/senior-software-engineer-mobile-ios-1030168642?jobId=jobstreet-id-job-1030168642&sectionRank=759&token=0~5ecf7596-0209-4118-805f-5f3ebcfec628&fr=SRP%20View%20In%20New%20Tab,"Senior Software Engineer, Mobile (iOS)",PT Grab Taxi Indonesia,https://www.jobstreet.co.id/id/job-search/jobs-at-pt-grab-taxi-indonesia/,PT Grab Taxi Indonesia,NA,2022-01-08T22:35:23.000Z
129,https://www.jobstreet.co.id/id/job/infrastructure-and-information-security-engineering-internship-1030244816?jobId=jobstreet-id-job-1030244816&sectionRank=760&token=0~5ecf7596-0209-4118-805f-5f3ebcfec628&fr=SRP%20View%20In%20New%20Tab,Infrastructure and Information Security Engineering Internship,Xendit,https://www.jobstreet.co.id/id/job-search/jobs-at-xendit/,Xendit,NA,2022-01-17T02:51:51.000Z
130,https://www.jobstreet.co.id/id/job/engineer%3A-software-developer-1030172343?jobId=jobstreet-id-job-1030172343&sectionRank=761&token=0~5ecf7596-0209-4118-805f-5f3ebcfec628&fr=SRP%20View%20In%20New%20Tab,Engineer: Software Developer,PT NTT Global Data Centers Indonesia,https://www.jobstreet.co.id/id/job-search/jobs-at-pt-ntt-global-data-centers-indonesia/,PT NTT Global Data Centers Indonesia,NA,2022-01-09T22:34:53.000Z
131,https://www.jobstreet.co.id/id/job/data-analyst-1030040969?jobId=jobstreet-id-job-1030040969&sectionRank=762&token=0~5ecf7596-0209-4118-805f-5f3ebcfec628&fr=SRP%20View%20In%20New%20Tab,Data Analyst,mClinica Pte. Ltd (Jakarta),https://www.jobstreet.co.id/id/job-search/jobs-at-mclinica-pte-ltd-jakarta/,mClinica Pte. Ltd (Jakarta),NA,2022-01-07T15:39:29.000Z
132,https://www.jobstreet.co.id/id/job/associate-engineer%3A-software-quality-assurance-testing-1030172361?jobId=jobstreet-id-job-1030172361&sectionRank=763&token=0~5ecf7596-0209-4118-805f-5f3ebcfec628&fr=SRP%20View%20In%20New%20Tab,Associate Engineer: Software Quality Assurance / Testing,PT NTT Global Data Centers Indonesia,https://www.jobstreet.co.id/id/job-search/jobs-at-pt-ntt-global-data-centers-indonesia/,PT NTT Global Data Centers Indonesia,NA,2022-01-09T22:34:53.000Z
133,https://www.jobstreet.co.id/id/job/software-engineering-manager-ii-1030230182?jobId=jobstreet-id-job-1030230182&sectionRank=764&token=0~5ecf7596-0209-4118-805f-5f3ebcfec628&fr=SRP%20View%20In%20New%20Tab,Software Engineering Manager II,PT Grab Taxi Indonesia,https://www.jobstreet.co.id/id/job-search/jobs-at-pt-grab-taxi-indonesia/,PT Grab Taxi Indonesia,NA,2022-01-13T22:33:08.000Z
134,https://www.jobstreet.co.id/id/job/software-engineering-manager-ii-grabkios-1030215217?jobId=jobstreet-id-job-1030215217&sectionRank=765&token=0~5ecf7596-0209-4118-805f-5f3ebcfec628&fr=SRP%20View%20In%20New%20Tab,"Software Engineering Manager II, GrabKios",PT Grab Taxi Indonesia,https://www.jobstreet.co.id/id/job-search/jobs-at-pt-grab-taxi-indonesia/,PT Grab Taxi Indonesia,NA,2022-01-12T22:33:48.000Z
135,https://www.jobstreet.co.id/id/job/ms-engineer-l1-1030172373?jobId=jobstreet-id-job-1030172373&sectionRank=766&token=0~5ecf7596-0209-4118-805f-5f3ebcfec628&fr=SRP%20View%20In%20New%20Tab,MS Engineer (L1),PT NTT Global Data Centers Indonesia,https://www.jobstreet.co.id/id/job-search/jobs-at-pt-ntt-global-data-centers-indonesia/,PT NTT Global Data Centers Indonesia,NA,2022-01-09T22:34:22.000Z
136,https://www.jobstreet.co.id/id/job/lead-software-engineer-backend-1030146742?jobId=jobstreet-id-job-1030146742&sectionRank=767&token=0~5ecf7596-0209-4118-805f-5f3ebcfec628&fr=SRP%20View%20In%20New%20Tab,"Lead Software Engineer, Backend",PT Grab Taxi Indonesia,https://www.jobstreet.co.id/id/job-search/jobs-at-pt-grab-taxi-indonesia/,PT Grab Taxi Indonesia,NA,2022-01-07T15:21:54.000Z
137,https://www.jobstreet.co.id/id/job/quality-engineer-system-owner-1030146805?jobId=jobstreet-id-job-1030146805&sectionRank=768&token=0~5ecf7596-0209-4118-805f-5f3ebcfec628&fr=SRP%20View%20In%20New%20Tab,Quality Engineer - System Owner,PT HM Sampoerna Tbk,https://www.jobstreet.co.id/id/job-search/jobs-at-pt-hm-sampoerna-tbk/,PT HM Sampoerna Tbk,NA,2022-01-06T22:34:08.000Z
138,https://www.jobstreet.co.id/id/job/finance-mis-analyst-financial-services-1030244790?jobId=jobstreet-id-job-1030244790&sectionRank=769&token=0~5ecf7596-0209-4118-805f-5f3ebcfec628&fr=SRP%20View%20In%20New%20Tab,Finance MIS Analyst - Financial Services,PT Aplikasi Karya Anak Bangsa,https://www.jobstreet.co.id/id/job-search/jobs-at-pt-aplikasi-karya-anak-bangsa/,PT Aplikasi Karya Anak Bangsa,NA,2022-01-14T22:33:32.000Z
139,https://www.jobstreet.co.id/id/job/operations-planning-and-growth-internship-1030251107?jobId=jobstreet-id-job-1030251107&sectionRank=770&token=0~5ecf7596-0209-4118-805f-5f3ebcfec628&fr=SRP%20View%20In%20New%20Tab,Operations Planning and Growth Internship,PT Andiarta Muzizat,https://www.jobstreet.co.id/id/job-search/jobs-at-pt-andiarta-muzizat/,PT Andiarta Muzizat,NA,2022-01-15T22:33:42.000Z
140,https://www.jobstreet.co.id/id/job/process-engineering-officer-1030146802?jobId=jobstreet-id-job-1030146802&sectionRank=771&token=0~5ecf7596-0209-4118-805f-5f3ebcfec628&fr=SRP%20View%20In%20New%20Tab,Process Engineering Officer,PT SINARMAS Group,https://www.jobstreet.co.id/id/job-search/jobs-at-pt-sinarmas-group/,PT SINARMAS Group,NA,2022-01-06T22:34:08.000Z
141,https://www.jobstreet.co.id/id/job/sr-node-js-software-developer-1030073865?jobId=jobstreet-id-job-1030073865&sectionRank=772&token=0~5ecf7596-0209-4118-805f-5f3ebcfec628&fr=SRP%20View%20In%20New%20Tab,Sr. Node JS software developer,PT Moka Teknologi Indonesia,https://www.jobstreet.co.id/id/job-search/jobs-at-pt-moka-teknologi-indonesia/,PT Moka Teknologi Indonesia,NA,2022-01-14T18:29:53.000Z
142,https://www.jobstreet.co.id/id/job/site-manager-1030230172?jobId=jobstreet-id-job-1030230172&sectionRank=773&token=0~5ecf7596-0209-4118-805f-5f3ebcfec628&fr=SRP%20View%20In%20New%20Tab,Site Manager,PT NTT Global Data Centers Indonesia,https://www.jobstreet.co.id/id/job-search/jobs-at-pt-ntt-global-data-centers-indonesia/,PT NTT Global Data Centers Indonesia,NA,2022-01-13T22:33:08.000Z
143,https://www.jobstreet.co.id/id/job/inside-field-service-sales-engineer-1030088472?jobId=jobstreet-id-job-1030088472&sectionRank=774&token=0~5ecf7596-0209-4118-805f-5f3ebcfec628&fr=SRP%20View%20In%20New%20Tab,Inside Field Service Sales Engineer,PT Schneider Indonesia,https://www.jobstreet.co.id/id/job-search/jobs-at-pt-schneider-indonesia/,PT Schneider Indonesia,NA,2022-01-02T22:34:01.000Z
144,https://www.jobstreet.co.id/id/job/ts-implementation-engineer-1030114147?jobId=jobstreet-id-job-1030114147&sectionRank=775&token=0~5ecf7596-0209-4118-805f-5f3ebcfec628&fr=SRP%20View%20In%20New%20Tab,TS Implementation Engineer,PT NTT Global Data Centers Indonesia,https://www.jobstreet.co.id/id/job-search/jobs-at-pt-ntt-global-data-centers-indonesia/,PT NTT Global Data Centers Indonesia,NA,2022-01-04T22:34:09.000Z
145,https://www.jobstreet.co.id/id/job/incident-management-specialist-1030172371?jobId=jobstreet-id-job-1030172371&sectionRank=776&token=0~5ecf7596-0209-4118-805f-5f3ebcfec628&fr=SRP%20View%20In%20New%20Tab,Incident Management Specialist,PT NTT Global Data Centers Indonesia,https://www.jobstreet.co.id/id/job-search/jobs-at-pt-ntt-global-data-centers-indonesia/,PT NTT Global Data Centers Indonesia,NA,2022-01-09T22:34:22.000Z
146,https://www.jobstreet.co.id/id/job/senior-associate-engineer%3A-software-development-1030099935?jobId=jobstreet-id-job-1030099935&sectionRank=777&token=0~5ecf7596-0209-4118-805f-5f3ebcfec628&fr=SRP%20View%20In%20New%20Tab,Senior Associate Engineer: Software Development,PT NTT Global Data Centers Indonesia,https://www.jobstreet.co.id/id/job-search/jobs-at-pt-ntt-global-data-centers-indonesia/,PT NTT Global Data Centers Indonesia,NA,2022-01-03T22:33:23.000Z
147,https://www.jobstreet.co.id/id/job/assistant-manager-business-growth-1030251149?jobId=jobstreet-id-job-1030251149&sectionRank=778&token=0~5ecf7596-0209-4118-805f-5f3ebcfec628&fr=SRP%20View%20In%20New%20Tab,"Assistant Manager, Business Growth",PT Grab Taxi Indonesia,https://www.jobstreet.co.id/id/job-search/jobs-at-pt-grab-taxi-indonesia/,PT Grab Taxi Indonesia,NA,2022-01-15T22:33:42.000Z
148,https://www.jobstreet.co.id/id/job/customer-experience-research-lead-1030244836?jobId=jobstreet-id-job-1030244836&sectionRank=779&token=0~5ecf7596-0209-4118-805f-5f3ebcfec628&fr=SRP%20View%20In%20New%20Tab,Customer Experience Research Lead,Citigroup Inc.,https://www.jobstreet.co.id/id/job-search/jobs-at-citigroup-inc/,Citigroup Inc.,NA,2022-01-16T15:40:42.000Z
149,https://www.jobstreet.co.id/id/job/senior-solutions-architect-indonesia-sa-team-1030251146?jobId=jobstreet-id-job-1030251146&sectionRank=780&token=0~5ecf7596-0209-4118-805f-5f3ebcfec628&fr=SRP%20View%20In%20New%20Tab,"Senior Solutions Architect, Indonesia SA Team",Amazon Pet Indo,https://www.jobstreet.co.id/id/job-search/jobs-at-amazon-pet-indo/,Amazon Pet Indo,NA,2022-01-15T22:33:42.000Z
150,https://www.jobstreet.co.id/id/job/lead-product-manager-merchant-lending-1030251166?jobId=jobstreet-id-job-1030251166&sectionRank=781&token=0~6a403d93-ea2a-4efc-bbb2-39e49bf40903&fr=SRP%20View%20In%20New%20Tab,Lead Product Manager-Merchant Lending,PT Aplikasi Karya Anak Bangsa,https://www.jobstreet.co.id/id/job-search/jobs-at-pt-aplikasi-karya-anak-bangsa/,PT Aplikasi Karya Anak Bangsa,NA,2022-01-15T22:33:42.000Z
151,https://www.jobstreet.co.id/id/job/product-manager-revenue-systems-salesforce-1030198828?jobId=jobstreet-id-job-1030198828&sectionRank=782&token=0~6a403d93-ea2a-4efc-bbb2-39e49bf40903&fr=SRP%20View%20In%20New%20Tab,Product Manager Revenue Systems (Salesforce),Xendit,https://www.jobstreet.co.id/id/job-search/jobs-at-xendit/,Xendit,NA,2022-01-16T15:39:58.000Z
152,https://www.jobstreet.co.id/id/job/regional-sort-assistant-manager-1030198766?jobId=jobstreet-id-job-1030198766&sectionRank=783&token=0~6a403d93-ea2a-4efc-bbb2-39e49bf40903&fr=SRP%20View%20In%20New%20Tab,Regional Sort Assistant Manager,PT Andiarta Muzizat,https://www.jobstreet.co.id/id/job-search/jobs-at-pt-andiarta-muzizat/,PT Andiarta Muzizat,NA,2022-01-12T15:42:23.000Z
153,https://www.jobstreet.co.id/id/job/business-operation-1030215262?jobId=jobstreet-id-job-1030215262&sectionRank=784&token=0~6a403d93-ea2a-4efc-bbb2-39e49bf40903&fr=SRP%20View%20In%20New%20Tab,Business Operation,Aruna,https://www.jobstreet.co.id/id/job-search/jobs-at-aruna/,Aruna,NA,2022-01-16T15:45:35.000Z
154,https://www.jobstreet.co.id/id/job/product-manager-2-merchant-partner-gofood-1030230175?jobId=jobstreet-id-job-1030230175&sectionRank=785&token=0~6a403d93-ea2a-4efc-bbb2-39e49bf40903&fr=SRP%20View%20In%20New%20Tab,Product Manager 2 - Merchant Partner (GoFood),PT Aplikasi Karya Anak Bangsa,https://www.jobstreet.co.id/id/job-search/jobs-at-pt-aplikasi-karya-anak-bangsa/,PT Aplikasi Karya Anak Bangsa,NA,2022-01-13T22:33:08.000Z
155,https://www.jobstreet.co.id/id/job/account-manager-1030146753?jobId=jobstreet-id-job-1030146753&sectionRank=786&token=0~6a403d93-ea2a-4efc-bbb2-39e49bf40903&fr=SRP%20View%20In%20New%20Tab,Account Manager,CommScope,https://www.jobstreet.co.id/id/job-search/jobs-at-commscope/,CommScope,NA,2022-01-16T15:23:12.000Z
156,https://www.jobstreet.co.id/id/job/operations-shopee-express-first-and-last-mile-quality-control-yogyakarta-1030053007?jobId=jobstreet-id-job-1030053007&sectionRank=787&token=0~6a403d93-ea2a-4efc-bbb2-39e49bf40903&fr=SRP%20View%20In%20New%20Tab,"Operations - Shopee Express, First and Last Mile Quality Control (Yogyakarta)",PT Shopee International Indonesia,https://www.jobstreet.co.id/id/job-search/jobs-at-pt-shopee-international-indonesia/,PT Shopee International Indonesia,NA,2022-01-16T15:36:00.000Z
157,https://www.jobstreet.co.id/id/job/product-manager-1030244785?jobId=jobstreet-id-job-1030244785&sectionRank=788&token=0~6a403d93-ea2a-4efc-bbb2-39e49bf40903&fr=SRP%20View%20In%20New%20Tab,Product Manager,PT Grab Taxi Indonesia,https://www.jobstreet.co.id/id/job-search/jobs-at-pt-grab-taxi-indonesia/,PT Grab Taxi Indonesia,NA,2022-01-14T22:33:32.000Z
158,https://www.jobstreet.co.id/id/job/product-manager-b2b-fintech-experiments-1030000964?jobId=jobstreet-id-job-1030000964&sectionRank=789&token=0~6a403d93-ea2a-4efc-bbb2-39e49bf40903&fr=SRP%20View%20In%20New%20Tab,Product Manager - B2B Fintech Experiments,Xendit,https://www.jobstreet.co.id/id/job-search/jobs-at-xendit/,Xendit,NA,2022-01-16T15:35:45.000Z
159,https://www.jobstreet.co.id/id/job/python-programmer-1030146809?jobId=jobstreet-id-job-1030146809&sectionRank=790&token=0~6a403d93-ea2a-4efc-bbb2-39e49bf40903&fr=SRP%20View%20In%20New%20Tab,Python Programmer,Sonar Audio Post,https://www.jobstreet.co.id/id/job-search/jobs-at-sonar-audio-post/,Sonar Audio Post,NA,2022-01-06T22:34:08.000Z
160,https://www.jobstreet.co.id/id/job/software-engineer-backend-1030053005?jobId=jobstreet-id-job-1030053005&sectionRank=791&token=0~6a403d93-ea2a-4efc-bbb2-39e49bf40903&fr=SRP%20View%20In%20New%20Tab,"Software Engineer, Backend",PT Grab Taxi Indonesia,https://www.jobstreet.co.id/id/job-search/jobs-at-pt-grab-taxi-indonesia/,PT Grab Taxi Indonesia,NA,2021-12-30T07:33:02.000Z
161,https://www.jobstreet.co.id/id/job/product-qa-manual-tester-1030001047?jobId=jobstreet-id-job-1030001047&sectionRank=792&token=0~6a403d93-ea2a-4efc-bbb2-39e49bf40903&fr=SRP%20View%20In%20New%20Tab,Product QA – Manual Tester,Quipper,https://www.jobstreet.co.id/id/job-search/jobs-at-quipper/,Quipper,NA,2022-01-16T15:37:00.000Z
162,https://www.jobstreet.co.id/id/job/technical-solutions-consultant-1030251174?jobId=jobstreet-id-job-1030251174&sectionRank=793&token=0~6a403d93-ea2a-4efc-bbb2-39e49bf40903&fr=SRP%20View%20In%20New%20Tab,Technical Solutions Consultant,Experian,https://www.jobstreet.co.id/id/job-search/jobs-at-experian/,Experian,NA,2022-01-17T03:53:28.000Z
163,https://www.jobstreet.co.id/id/job/avod-content-curation-intern-1030146813?jobId=jobstreet-id-job-1030146813&sectionRank=794&token=0~6a403d93-ea2a-4efc-bbb2-39e49bf40903&fr=SRP%20View%20In%20New%20Tab,AVOD Content Curation Intern,PT Kreatif Media Karya,https://www.jobstreet.co.id/id/job-search/jobs-at-pt-kreatif-media-karya/,PT Kreatif Media Karya,NA,2022-01-14T18:33:52.000Z
164,https://www.jobstreet.co.id/id/job/area-retail-analyst-jember-1030215207?jobId=jobstreet-id-job-1030215207&sectionRank=795&token=0~6a403d93-ea2a-4efc-bbb2-39e49bf40903&fr=SRP%20View%20In%20New%20Tab,Area Retail Analyst - Jember,Phillip Morris Latinoamérica,https://www.jobstreet.co.id/id/job-search/jobs-at-phillip-morris-latinoam%C3%A9rica/,Phillip Morris Latinoamérica,NA,2022-01-16T15:05:26.000Z
165,https://www.jobstreet.co.id/id/job/lead-data-warehouse-payments-1029987731?jobId=jobstreet-id-job-1029987731&sectionRank=796&token=0~6a403d93-ea2a-4efc-bbb2-39e49bf40903&fr=SRP%20View%20In%20New%20Tab,Lead Data Warehouse - Payments,PT Aplikasi Karya Anak Bangsa,https://www.jobstreet.co.id/id/job-search/jobs-at-pt-aplikasi-karya-anak-bangsa/,PT Aplikasi Karya Anak Bangsa,NA,2021-12-21T22:34:16.000Z
166,https://www.jobstreet.co.id/id/job/regional-environmental-engineer-aws-ehs-compliance-1030053004?jobId=jobstreet-id-job-1030053004&sectionRank=797&token=0~6a403d93-ea2a-4efc-bbb2-39e49bf40903&fr=SRP%20View%20In%20New%20Tab,"Regional Environmental Engineer, AWS EHS Compliance",Amazon Pet Indo,https://www.jobstreet.co.id/id/job-search/jobs-at-amazon-pet-indo/,Amazon Pet Indo,NA,2021-12-30T07:31:27.000Z
167,https://www.jobstreet.co.id/id/job/account-manager-1030215288?jobId=jobstreet-id-job-1030215288&sectionRank=798&token=0~6a403d93-ea2a-4efc-bbb2-39e49bf40903&fr=SRP%20View%20In%20New%20Tab,Account Manager,Wärtsilä,https://www.jobstreet.co.id/id/job-search/jobs-at-w%C3%A4rtsil%C3%A4/,Wärtsilä,NA,2022-01-16T15:03:58.000Z
168,https://www.jobstreet.co.id/id/job/technical-account-manager-enterprise-support-1030251114?jobId=jobstreet-id-job-1030251114&sectionRank=799&token=0~6a403d93-ea2a-4efc-bbb2-39e49bf40903&fr=SRP%20View%20In%20New%20Tab,"Technical Account Manager, Enterprise Support",Amazon Pet Indo,https://www.jobstreet.co.id/id/job-search/jobs-at-amazon-pet-indo/,Amazon Pet Indo,NA,2022-01-15T22:33:42.000Z
169,https://www.jobstreet.co.id/id/job/associate-she-specialist-1030251099?jobId=jobstreet-id-job-1030251099&sectionRank=800&token=0~6a403d93-ea2a-4efc-bbb2-39e49bf40903&fr=SRP%20View%20In%20New%20Tab,Associate SHE Specialist,PT Ecolab International Indonesia,https://www.jobstreet.co.id/id/job-search/jobs-at-pt-ecolab-international-indonesia/,PT Ecolab International Indonesia,NA,2022-01-15T22:33:41.000Z
170,https://www.jobstreet.co.id/id/job/technical-support-associate-1030198793?jobId=jobstreet-id-job-1030198793&sectionRank=801&token=0~6a403d93-ea2a-4efc-bbb2-39e49bf40903&fr=SRP%20View%20In%20New%20Tab,Technical Support Associate,PT Danayasa Arthatama,https://www.jobstreet.co.id/id/job-search/jobs-at-pt-danayasa-arthatama/,PT Danayasa Arthatama,NA,2022-01-11T22:33:24.000Z
171,https://www.jobstreet.co.id/id/job/polymer-lab-analyst-1030244762?jobId=jobstreet-id-job-1030244762&sectionRank=802&token=0~6a403d93-ea2a-4efc-bbb2-39e49bf40903&fr=SRP%20View%20In%20New%20Tab,Polymer Lab Analyst,PT Chandra Asri Petrochemical Tbk,https://www.jobstreet.co.id/id/job-search/jobs-at-pt-chandra-asri-petrochemical-tbk/,PT Chandra Asri Petrochemical Tbk,NA,2022-01-14T22:33:32.000Z
172,https://www.jobstreet.co.id/id/job/product-group-planning-manager-home-care-1030244743?jobId=jobstreet-id-job-1030244743&sectionRank=803&token=0~6a403d93-ea2a-4efc-bbb2-39e49bf40903&fr=SRP%20View%20In%20New%20Tab,Product Group Planning Manager – Home Care,PT Unilever Indonesia Tbk,https://www.jobstreet.co.id/id/job-search/jobs-at-pt-unilever-indonesia-tbk/,PT Unilever Indonesia Tbk,NA,2022-01-14T22:33:32.000Z
173,https://www.jobstreet.co.id/id/job/marketing-technology-junior-senior-lead-1030230164?jobId=jobstreet-id-job-1030230164&sectionRank=804&token=0~6a403d93-ea2a-4efc-bbb2-39e49bf40903&fr=SRP%20View%20In%20New%20Tab,Marketing Technology (Junior/Senior/Lead),PT Dwi Cermat Indonesia,https://www.jobstreet.co.id/id/job-search/jobs-at-pt-dwi-cermat-indonesia/,PT Dwi Cermat Indonesia,NA,2022-01-13T22:33:08.000Z
174,https://www.jobstreet.co.id/id/job/fraud-investigation-manager-financial-services-platform-1030251155?jobId=jobstreet-id-job-1030251155&sectionRank=805&token=0~6a403d93-ea2a-4efc-bbb2-39e49bf40903&fr=SRP%20View%20In%20New%20Tab,Fraud Investigation Manager - Financial Services Platform,PT Aplikasi Karya Anak Bangsa,https://www.jobstreet.co.id/id/job-search/jobs-at-pt-aplikasi-karya-anak-bangsa/,PT Aplikasi Karya Anak Bangsa,NA,2022-01-15T22:33:42.000Z
175,https://www.jobstreet.co.id/id/job/senior-ios-engineer-1030017315?jobId=jobstreet-id-job-1030017315&sectionRank=806&token=0~6a403d93-ea2a-4efc-bbb2-39e49bf40903&fr=SRP%20View%20In%20New%20Tab,Senior iOS Engineer,PT Icart Group Indonesia,https://www.jobstreet.co.id/id/job-search/jobs-at-pt-icart-group-indonesia/,PT Icart Group Indonesia,NA,2021-12-27T15:05:40.000Z
176,https://www.jobstreet.co.id/id/job/senior-product-manager-1030230166?jobId=jobstreet-id-job-1030230166&sectionRank=807&token=0~6a403d93-ea2a-4efc-bbb2-39e49bf40903&fr=SRP%20View%20In%20New%20Tab,Senior Product Manager,PT Grab Taxi Indonesia,https://www.jobstreet.co.id/id/job-search/jobs-at-pt-grab-taxi-indonesia/,PT Grab Taxi Indonesia,NA,2022-01-13T22:33:08.000Z
177,https://www.jobstreet.co.id/id/job/business-process-manager-1030215186?jobId=jobstreet-id-job-1030215186&sectionRank=808&token=0~6a403d93-ea2a-4efc-bbb2-39e49bf40903&fr=SRP%20View%20In%20New%20Tab,Business Process Manager,Xendit,https://www.jobstreet.co.id/id/job-search/jobs-at-xendit/,Xendit,NA,2022-01-16T15:05:48.000Z
178,https://www.jobstreet.co.id/id/job/senior-product-manager-frontend-1030184633?jobId=jobstreet-id-job-1030184633&sectionRank=809&token=0~6a403d93-ea2a-4efc-bbb2-39e49bf40903&fr=SRP%20View%20In%20New%20Tab,Senior Product Manager - Frontend,PT Icart Group Indonesia,https://www.jobstreet.co.id/id/job-search/jobs-at-pt-icart-group-indonesia/,PT Icart Group Indonesia,NA,2022-01-10T22:32:57.000Z
179,https://www.jobstreet.co.id/id/job/asst-gtm-quality-manager-1030244815?jobId=jobstreet-id-job-1030244815&sectionRank=810&token=0~6a403d93-ea2a-4efc-bbb2-39e49bf40903&fr=SRP%20View%20In%20New%20Tab,Asst. GtM Quality Manager,PT Unilever Indonesia Tbk,https://www.jobstreet.co.id/id/job-search/jobs-at-pt-unilever-indonesia-tbk/,PT Unilever Indonesia Tbk,NA,2022-01-14T22:33:32.000Z
180,https://www.jobstreet.co.id/id/job/area-retail-analyst-jember-1030215244?jobId=jobstreet-id-job-1030215244&sectionRank=811&token=0~2d137731-f995-412e-a359-8d2c055e9e38&fr=SRP%20View%20In%20New%20Tab,Area Retail Analyst - Jember,PT HM Sampoerna Tbk,https://www.jobstreet.co.id/id/job-search/jobs-at-pt-hm-sampoerna-tbk/,PT HM Sampoerna Tbk,NA,2022-01-12T22:33:48.000Z
181,https://www.jobstreet.co.id/id/job/payment-strategy-and-planning-1030146794?jobId=jobstreet-id-job-1030146794&sectionRank=812&token=0~2d137731-f995-412e-a359-8d2c055e9e38&fr=SRP%20View%20In%20New%20Tab,Payment Strategy and Planning,PT Aplikasi Karya Anak Bangsa,https://www.jobstreet.co.id/id/job-search/jobs-at-pt-aplikasi-karya-anak-bangsa/,PT Aplikasi Karya Anak Bangsa,NA,2022-01-06T22:34:08.000Z
182,https://www.jobstreet.co.id/id/job/local-division-manager-process-industries-indonesia-and-singapore-1030172363?jobId=jobstreet-id-job-1030172363&sectionRank=813&token=0~2d137731-f995-412e-a359-8d2c055e9e38&fr=SRP%20View%20In%20New%20Tab,"Local Division Manager (Process Industries), Indonesia and Singapore",PT ABB Power Grids Indonesia,https://www.jobstreet.co.id/id/job-search/jobs-at-pt-abb-power-grids-indonesia/,PT ABB Power Grids Indonesia,NA,2022-01-09T22:34:22.000Z
183,https://www.jobstreet.co.id/id/job/senior-engineer-unit-process-engineering-1029975589?jobId=jobstreet-id-job-1029975589&sectionRank=814&token=0~2d137731-f995-412e-a359-8d2c055e9e38&fr=SRP%20View%20In%20New%20Tab,Senior Engineer Unit Process Engineering,PT Infineon Technologies Batam,https://www.jobstreet.co.id/id/job-search/jobs-at-pt-infineon-technologies-batam/,PT Infineon Technologies Batam,NA,2021-12-22T07:10:50.000Z
184,https://www.jobstreet.co.id/id/job/it-operation-analyst-hirefitid182-1030198815?jobId=jobstreet-id-job-1030198815&sectionRank=815&token=0~2d137731-f995-412e-a359-8d2c055e9e38&fr=SRP%20View%20In%20New%20Tab,IT Operation Analyst - HIREFITID182,PT Asuransi Jiwa Manulife Indonesia,https://www.jobstreet.co.id/id/job-search/jobs-at-pt-asuransi-jiwa-manulife-indonesia/,PT Asuransi Jiwa Manulife Indonesia,NA,2022-01-11T22:33:54.000Z
185,https://www.jobstreet.co.id/id/job/customer-success-account-manager-1030244802?jobId=jobstreet-id-job-1030244802&sectionRank=816&token=0~2d137731-f995-412e-a359-8d2c055e9e38&fr=SRP%20View%20In%20New%20Tab,Customer Success Account Manager,PT Microsoft Indonesia,https://www.jobstreet.co.id/id/job-search/jobs-at-pt-microsoft-indonesia/,PT Microsoft Indonesia,NA,2022-01-14T22:33:32.000Z
186,https://www.jobstreet.co.id/id/job/hr-business-partner-1030168618?jobId=jobstreet-id-job-1030168618&sectionRank=817&token=0~2d137731-f995-412e-a359-8d2c055e9e38&fr=SRP%20View%20In%20New%20Tab,HR Business Partner,"PT Goodyear Indonesia, Tbk",https://www.jobstreet.co.id/id/job-search/jobs-at-pt-goodyear-indonesia-tbk/,"PT Goodyear Indonesia, Tbk",NA,2022-01-08T22:35:23.000Z
187,https://www.jobstreet.co.id/id/job/strategy-operations-senior-associate-1030198789?jobId=jobstreet-id-job-1030198789&sectionRank=818&token=0~2d137731-f995-412e-a359-8d2c055e9e38&fr=SRP%20View%20In%20New%20Tab,Strategy & Operations Senior Associate,PT Grab Taxi Indonesia,https://www.jobstreet.co.id/id/job-search/jobs-at-pt-grab-taxi-indonesia/,PT Grab Taxi Indonesia,NA,2022-01-11T22:33:54.000Z
188,https://www.jobstreet.co.id/id/job/lean-specialist-digital-1030129638?jobId=jobstreet-id-job-1030129638&sectionRank=819&token=0~2d137731-f995-412e-a359-8d2c055e9e38&fr=SRP%20View%20In%20New%20Tab,Lean Specialist- Digital,Toby's Fried Chicken And Resto Ngagel,https://www.jobstreet.co.id/id/job-search/jobs-at-toby-s-fried-chicken-and-resto-ngagel/,Toby's Fried Chicken And Resto Ngagel,NA,2022-01-05T23:01:35.000Z
189,https://www.jobstreet.co.id/id/job/manager-program-supply-chain-supply-and-demand-planning-1030129653?jobId=jobstreet-id-job-1030129653&sectionRank=820&token=0~2d137731-f995-412e-a359-8d2c055e9e38&fr=SRP%20View%20In%20New%20Tab,"Manager, Program - Supply Chain -(Supply and Demand Planning)",PT Ecart Webportal Indonesia,https://www.jobstreet.co.id/id/job-search/jobs-at-pt-ecart-webportal-indonesia/,PT Ecart Webportal Indonesia,NA,2022-01-05T23:01:35.000Z
190,https://www.jobstreet.co.id/id/job/manager-consulting-financial-risk-management-1030172344?jobId=jobstreet-id-job-1030172344&sectionRank=821&token=0~2d137731-f995-412e-a359-8d2c055e9e38&fr=SRP%20View%20In%20New%20Tab,Manager - Consulting - Financial Risk Management,"Pers. KAP Tanudiredja, Wibisana & Rekan (PWC Indonesia)",https://www.jobstreet.co.id/id/job-search/jobs-at-pers-kap-tanudiredja-wibisana-rekan-pwc-indonesia/,"Pers. KAP Tanudiredja, Wibisana & Rekan (PWC Indonesia)",NA,2022-01-09T22:34:22.000Z
191,https://www.jobstreet.co.id/id/job/senior-associate-project-management-network-logistics-1030146801?jobId=jobstreet-id-job-1030146801&sectionRank=822&token=0~2d137731-f995-412e-a359-8d2c055e9e38&fr=SRP%20View%20In%20New%20Tab,"Senior Associate, Project Management-Network Logistics",PT Ecart Webportal Indonesia,https://www.jobstreet.co.id/id/job-search/jobs-at-pt-ecart-webportal-indonesia/,PT Ecart Webportal Indonesia,NA,2022-01-06T22:34:08.000Z
192,https://www.jobstreet.co.id/id/job/regional-analytics-head-makassar-1030000984?jobId=jobstreet-id-job-1030000984&sectionRank=823&token=0~2d137731-f995-412e-a359-8d2c055e9e38&fr=SRP%20View%20In%20New%20Tab,Regional Analytics Head (Makassar),PT Aplikasi Karya Anak Bangsa,https://www.jobstreet.co.id/id/job-search/jobs-at-pt-aplikasi-karya-anak-bangsa/,PT Aplikasi Karya Anak Bangsa,NA,2021-12-22T22:40:23.000Z
193,https://www.jobstreet.co.id/id/job/financial-services-strategy-associate-1030114213?jobId=jobstreet-id-job-1030114213&sectionRank=824&token=0~2d137731-f995-412e-a359-8d2c055e9e38&fr=SRP%20View%20In%20New%20Tab,Financial Services Strategy Associate,PT Grab Taxi Indonesia,https://www.jobstreet.co.id/id/job-search/jobs-at-pt-grab-taxi-indonesia/,PT Grab Taxi Indonesia,NA,2022-01-04T22:34:09.000Z
194,https://www.jobstreet.co.id/id/job/product-operations-associate-grabwheels-1030064687?jobId=jobstreet-id-job-1030064687&sectionRank=825&token=0~2d137731-f995-412e-a359-8d2c055e9e38&fr=SRP%20View%20In%20New%20Tab,"Product Operations Associate, GrabWheels",PT Grab Taxi Indonesia,https://www.jobstreet.co.id/id/job-search/jobs-at-pt-grab-taxi-indonesia/,PT Grab Taxi Indonesia,NA,2021-12-29T22:33:34.000Z
195,https://www.jobstreet.co.id/id/job/manager-consulting-financial-crime-1030073843?jobId=jobstreet-id-job-1030073843&sectionRank=826&token=0~2d137731-f995-412e-a359-8d2c055e9e38&fr=SRP%20View%20In%20New%20Tab,Manager - Consulting - Financial Crime,"Pers. KAP Tanudiredja, Wibisana & Rekan (PWC Indonesia)",https://www.jobstreet.co.id/id/job-search/jobs-at-pers-kap-tanudiredja-wibisana-rekan-pwc-indonesia/,"Pers. KAP Tanudiredja, Wibisana & Rekan (PWC Indonesia)",NA,2021-12-30T22:34:16.000Z
196,https://www.jobstreet.co.id/id/job/financial-services-strategy-associate-1030081938?jobId=jobstreet-id-job-1030081938&sectionRank=827&token=0~2d137731-f995-412e-a359-8d2c055e9e38&fr=SRP%20View%20In%20New%20Tab,Financial Services Strategy Associate,PT Grab Taxi Indonesia,https://www.jobstreet.co.id/id/job-search/jobs-at-pt-grab-taxi-indonesia/,PT Grab Taxi Indonesia,NA,2021-12-31T22:34:09.000Z
197,https://www.jobstreet.co.id/id/job/grease-key-account-bus-dev-advisor-1030053018?jobId=jobstreet-id-job-1030053018&sectionRank=828&token=0~2d137731-f995-412e-a359-8d2c055e9e38&fr=SRP%20View%20In%20New%20Tab,Grease & Key Account Bus. Dev. Advisor,PT Shell Indonesia,https://www.jobstreet.co.id/id/job-search/jobs-at-pt-shell-indonesia/,PT Shell Indonesia,NA,2021-12-29T15:59:21.000Z
198,https://www.jobstreet.co.id/id/job/assortment-compliance-business-risk-indonesia-1029987732?jobId=jobstreet-id-job-1029987732&sectionRank=829&token=0~2d137731-f995-412e-a359-8d2c055e9e38&fr=SRP%20View%20In%20New%20Tab,Assortment Compliance (Business Risk)-Indonesia,PT Ecart Webportal Indonesia,https://www.jobstreet.co.id/id/job-search/jobs-at-pt-ecart-webportal-indonesia/,PT Ecart Webportal Indonesia,NA,2021-12-21T22:34:16.000Z
